0 verbose cli /data/data/com.termux/files/usr/bin/node /data/data/com.termux/files/usr/bin/npm
1 info using npm@11.6.2
2 info using node@v25.3.0
3 silly config load:file:/data/data/com.termux/files/usr/lib/node_modules/npm/npmrc
4 silly config load:file:/root/.npmrc
5 silly config load:file:/data/data/com.termux/files/usr/etc/npmrc
6 verbose title npm install vercel
7 verbose argv "install" "--global" "vercel"
8 verbose logfile logs-max:10 dir:/root/.npm/_logs/2026-02-04T05_50_20_492Z-
9 verbose logfile /root/.npm/_logs/2026-02-04T05_50_20_492Z-debug-0.log
10 silly packumentCache heap:1174405120 maxSize:293601280 maxEntrySize:146800640
11 silly logfile done cleaning log files
12 silly idealTree buildDeps
13 silly fetch manifest vercel@*
14 silly packumentCache full:https://registry.npmjs.org/vercel cache-miss
15 http fetch GET 200 https://registry.npmjs.org/vercel 1243ms (cache miss)
16 silly packumentCache full:https://registry.npmjs.org/vercel set size:undefined disposed:false
17 silly placeDep ROOT vercel@50.10.0 OK for:  want: *
18 silly fetch manifest jose@5.9.6
19 silly packumentCache full:https://registry.npmjs.org/jose cache-miss
20 silly fetch manifest esbuild@0.27.0
21 silly packumentCache full:https://registry.npmjs.org/esbuild cache-miss
22 silly fetch manifest chokidar@4.0.0
23 silly packumentCache full:https://registry.npmjs.org/chokidar cache-miss
24 silly fetch manifest form-data@^4.0.0
25 silly packumentCache full:https://registry.npmjs.org/form-data cache-miss
26 silly fetch manifest @vercel/go@3.3.4
27 silly packumentCache full:https://registry.npmjs.org/@vercel%2fgo cache-miss
28 silly fetch manifest @vercel/h3@0.1.36
29 silly packumentCache full:https://registry.npmjs.org/@vercel%2fh3 cache-miss
30 silly fetch manifest @vercel/fun@1.2.1
31 silly packumentCache full:https://registry.npmjs.org/@vercel%2ffun cache-miss
32 http fetch GET 200 https://registry.npmjs.org/jose 311ms (cache miss)
33 silly packumentCache full:https://registry.npmjs.org/jose set size:undefined disposed:false
34 silly fetch manifest @vercel/koa@0.1.10
35 silly packumentCache full:https://registry.npmjs.org/@vercel%2fkoa cache-miss
36 http fetch GET 200 https://registry.npmjs.org/@vercel%2fkoa 301ms (cache miss)
37 silly packumentCache full:https://registry.npmjs.org/@vercel%2fkoa set size:undefined disposed:false
38 silly fetch manifest @vercel/blob@1.0.2
39 silly packumentCache full:https://registry.npmjs.org/@vercel%2fblob cache-miss
40 http fetch GET 200 https://registry.npmjs.org/chokidar 804ms (cache revalidated)
41 silly packumentCache full:https://registry.npmjs.org/chokidar set size:255902 disposed:false
42 silly fetch manifest @vercel/hono@0.2.30
43 silly packumentCache full:https://registry.npmjs.org/@vercel%2fhono cache-miss
44 http fetch GET 200 https://registry.npmjs.org/form-data 829ms (cache revalidated)
45 silly packumentCache full:https://registry.npmjs.org/form-data set size:153646 disposed:false
46 silly fetch manifest @vercel/next@4.15.21
47 silly packumentCache full:https://registry.npmjs.org/@vercel%2fnext cache-miss
48 http fetch GET 200 https://registry.npmjs.org/@vercel%2ffun 859ms (cache miss)
49 silly packumentCache full:https://registry.npmjs.org/@vercel%2ffun set size:undefined disposed:false
50 silly fetch manifest @vercel/node@5.5.28
51 silly packumentCache full:https://registry.npmjs.org/@vercel%2fnode cache-miss
52 http fetch GET 200 https://registry.npmjs.org/@vercel%2fh3 878ms (cache miss)
53 silly packumentCache full:https://registry.npmjs.org/@vercel%2fh3 set size:undefined disposed:false
54 silly fetch manifest @vercel/ruby@2.2.5
55 silly packumentCache full:https://registry.npmjs.org/@vercel%2fruby cache-miss
56 http fetch GET 200 https://registry.npmjs.org/esbuild 966ms (cache miss)
57 silly packumentCache full:https://registry.npmjs.org/esbuild set size:undefined disposed:false
58 silly fetch manifest @vercel/rust@1.0.5
59 silly packumentCache full:https://registry.npmjs.org/@vercel%2frust cache-miss
60 http fetch GET 200 https://registry.npmjs.org/@vercel%2fgo 994ms (cache miss)
61 silly packumentCache full:https://registry.npmjs.org/@vercel%2fgo set size:undefined disposed:false
62 silly fetch manifest @vercel/elysia@0.1.27
63 silly packumentCache full:https://registry.npmjs.org/@vercel%2felysia cache-miss
64 http fetch GET 200 https://registry.npmjs.org/@vercel%2fblob 440ms (cache miss)
65 silly packumentCache full:https://registry.npmjs.org/@vercel%2fblob set size:undefined disposed:false
66 silly fetch manifest @vercel/nestjs@0.2.31
67 silly packumentCache full:https://registry.npmjs.org/@vercel%2fnestjs cache-miss
68 http fetch GET 200 https://registry.npmjs.org/@vercel%2fhono 311ms (cache miss)
69 silly packumentCache full:https://registry.npmjs.org/@vercel%2fhono set size:undefined disposed:false
70 silly fetch manifest @vercel/python@6.5.0
71 silly packumentCache full:https://registry.npmjs.org/@vercel%2fpython cache-miss
72 http fetch GET 200 https://registry.npmjs.org/@vercel%2frust 265ms (cache miss)
73 silly packumentCache full:https://registry.npmjs.org/@vercel%2frust set size:undefined disposed:false
74 silly fetch manifest @vercel/express@0.1.36
75 silly packumentCache full:https://registry.npmjs.org/@vercel%2fexpress cache-miss
76 http fetch GET 200 https://registry.npmjs.org/@vercel%2fnode 410ms (cache miss)
77 silly packumentCache full:https://registry.npmjs.org/@vercel%2fnode set size:undefined disposed:false
78 silly fetch manifest @vercel/fastify@0.1.30
79 silly packumentCache full:https://registry.npmjs.org/@vercel%2ffastify cache-miss
80 http fetch GET 200 https://registry.npmjs.org/@vercel%2felysia 348ms (cache miss)
81 silly packumentCache full:https://registry.npmjs.org/@vercel%2felysia set size:undefined disposed:false
82 silly fetch manifest @vercel/redwood@2.4.9
83 silly packumentCache full:https://registry.npmjs.org/@vercel%2fredwood cache-miss
84 http fetch GET 200 https://registry.npmjs.org/@vercel%2fnestjs 266ms (cache miss)
85 silly packumentCache full:https://registry.npmjs.org/@vercel%2fnestjs set size:undefined disposed:false
86 silly fetch manifest @vercel/backends@0.0.25
87 silly packumentCache full:https://registry.npmjs.org/@vercel%2fbackends cache-miss
88 http fetch GET 200 https://registry.npmjs.org/@vercel%2fruby 533ms (cache miss)
89 silly packumentCache full:https://registry.npmjs.org/@vercel%2fruby set size:undefined disposed:false
90 silly fetch manifest @vercel/hydrogen@1.3.5
91 silly packumentCache full:https://registry.npmjs.org/@vercel%2fhydrogen cache-miss
92 http fetch GET 200 https://registry.npmjs.org/@vercel%2fpython 318ms (cache miss)
93 silly packumentCache full:https://registry.npmjs.org/@vercel%2fpython set size:undefined disposed:false
94 silly fetch manifest @vercel/build-utils@13.2.16
95 silly packumentCache full:https://registry.npmjs.org/@vercel%2fbuild-utils cache-miss
96 http fetch GET 200 https://registry.npmjs.org/@vercel%2fnext 655ms (cache miss)
97 silly packumentCache full:https://registry.npmjs.org/@vercel%2fnext set size:undefined disposed:false
98 silly fetch manifest @vercel/detect-agent@1.1.0
99 silly packumentCache full:https://registry.npmjs.org/@vercel%2fdetect-agent cache-miss
100 http fetch GET 200 https://registry.npmjs.org/@vercel%2fexpress 363ms (cache miss)
101 silly packumentCache full:https://registry.npmjs.org/@vercel%2fexpress set size:undefined disposed:false
102 silly fetch manifest @vercel/static-build@2.8.28
103 silly packumentCache full:https://registry.npmjs.org/@vercel%2fstatic-build cache-miss
104 http fetch GET 200 https://registry.npmjs.org/@vercel%2fbackends 447ms (cache miss)
105 silly packumentCache full:https://registry.npmjs.org/@vercel%2fbackends set size:undefined disposed:false
106 silly fetch manifest @vercel/remix-builder@5.5.10
107 silly packumentCache full:https://registry.npmjs.org/@vercel%2fremix-builder cache-miss
108 http fetch GET 200 https://registry.npmjs.org/@vercel%2fhydrogen 416ms (cache miss)
109 silly packumentCache full:https://registry.npmjs.org/@vercel%2fhydrogen set size:undefined disposed:false
110 http fetch GET 200 https://registry.npmjs.org/@vercel%2ffastify 550ms (cache miss)
111 silly packumentCache full:https://registry.npmjs.org/@vercel%2ffastify set size:undefined disposed:false
112 http fetch GET 200 https://registry.npmjs.org/@vercel%2fdetect-agent 357ms (cache miss)
113 silly packumentCache full:https://registry.npmjs.org/@vercel%2fdetect-agent set size:undefined disposed:false
114 http fetch GET 200 https://registry.npmjs.org/@vercel%2fredwood 580ms (cache miss)
115 silly packumentCache full:https://registry.npmjs.org/@vercel%2fredwood set size:undefined disposed:false
116 http fetch GET 200 https://registry.npmjs.org/@vercel%2fbuild-utils 528ms (cache miss)
117 silly packumentCache full:https://registry.npmjs.org/@vercel%2fbuild-utils set size:undefined disposed:false
118 http fetch GET 200 https://registry.npmjs.org/@vercel%2fstatic-build 409ms (cache miss)
119 silly packumentCache full:https://registry.npmjs.org/@vercel%2fstatic-build set size:undefined disposed:false
120 http fetch GET 200 https://registry.npmjs.org/@vercel%2fremix-builder 798ms (cache miss)
121 silly packumentCache full:https://registry.npmjs.org/@vercel%2fremix-builder set size:undefined disposed:false
122 silly fetch manifest typescript@^4.0.0 || ^5.0.0
123 silly packumentCache full:https://registry.npmjs.org/typescript cache-miss
124 http fetch GET 200 https://registry.npmjs.org/typescript 570ms (cache revalidated)
125 silly packumentCache full:https://registry.npmjs.org/typescript set size:15201038 disposed:false
126 silly placeDep node_modules/vercel @vercel/backends@0.0.25 OK for: vercel@50.10.0 want: 0.0.25
127 silly placeDep node_modules/vercel typescript@5.9.3 OK for: @vercel/backends@0.0.25 want: ^4.0.0 || ^5.0.0
128 silly placeDep node_modules/vercel @vercel/blob@1.0.2 OK for: vercel@50.10.0 want: 1.0.2
129 silly placeDep node_modules/vercel @vercel/build-utils@13.2.16 OK for: vercel@50.10.0 want: 13.2.16
130 silly placeDep node_modules/vercel @vercel/detect-agent@1.1.0 OK for: vercel@50.10.0 want: 1.1.0
131 silly placeDep node_modules/vercel @vercel/elysia@0.1.27 OK for: vercel@50.10.0 want: 0.1.27
132 silly placeDep node_modules/vercel @vercel/express@0.1.36 OK for: vercel@50.10.0 want: 0.1.36
133 silly placeDep node_modules/vercel @vercel/fastify@0.1.30 OK for: vercel@50.10.0 want: 0.1.30
134 silly placeDep node_modules/vercel @vercel/fun@1.2.1 OK for: vercel@50.10.0 want: 1.2.1
135 silly placeDep node_modules/vercel @vercel/go@3.3.4 OK for: vercel@50.10.0 want: 3.3.4
136 silly placeDep node_modules/vercel @vercel/h3@0.1.36 OK for: vercel@50.10.0 want: 0.1.36
137 silly placeDep node_modules/vercel @vercel/hono@0.2.30 OK for: vercel@50.10.0 want: 0.2.30
138 silly placeDep node_modules/vercel @vercel/hydrogen@1.3.5 OK for: vercel@50.10.0 want: 1.3.5
139 silly placeDep node_modules/vercel @vercel/koa@0.1.10 OK for: vercel@50.10.0 want: 0.1.10
140 silly placeDep node_modules/vercel @vercel/nestjs@0.2.31 OK for: vercel@50.10.0 want: 0.2.31
141 silly placeDep node_modules/vercel @vercel/next@4.15.21 OK for: vercel@50.10.0 want: 4.15.21
142 silly placeDep node_modules/vercel @vercel/node@5.5.28 OK for: vercel@50.10.0 want: 5.5.28
143 silly placeDep node_modules/vercel @vercel/python@6.5.0 OK for: vercel@50.10.0 want: 6.5.0
144 silly placeDep node_modules/vercel @vercel/redwood@2.4.9 OK for: vercel@50.10.0 want: 2.4.9
145 silly placeDep node_modules/vercel @vercel/remix-builder@5.5.10 OK for: vercel@50.10.0 want: 5.5.10
146 silly placeDep node_modules/vercel @vercel/ruby@2.2.5 OK for: vercel@50.10.0 want: 2.2.5
147 silly placeDep node_modules/vercel @vercel/rust@1.0.5 OK for: vercel@50.10.0 want: 1.0.5
148 silly placeDep node_modules/vercel @vercel/static-build@2.8.28 OK for: vercel@50.10.0 want: 2.8.28
149 silly placeDep node_modules/vercel chokidar@4.0.0 OK for: vercel@50.10.0 want: 4.0.0
150 silly placeDep node_modules/vercel esbuild@0.27.0 OK for: vercel@50.10.0 want: 0.27.0
151 silly placeDep node_modules/vercel form-data@4.0.5 OK for: vercel@50.10.0 want: ^4.0.0
152 silly placeDep node_modules/vercel jose@5.9.6 OK for: vercel@50.10.0 want: 5.9.6
153 silly fetch manifest tsx@4.21.0
154 silly packumentCache full:https://registry.npmjs.org/tsx cache-miss
155 silly fetch manifest zod@3.22.4
156 silly packumentCache full:https://registry.npmjs.org/zod cache-miss
157 silly fetch manifest srvx@0.8.9
158 silly packumentCache full:https://registry.npmjs.org/srvx cache-miss
159 silly fetch manifest execa@3.2.0
160 silly packumentCache full:https://registry.npmjs.org/execa cache-miss
161 silly fetch manifest fs-extra@11.1.0
162 silly packumentCache full:https://registry.npmjs.org/fs-extra cache-miss
163 silly fetch manifest rolldown@1.0.0-rc.1
164 silly packumentCache full:https://registry.npmjs.org/rolldown cache-miss
165 silly fetch manifest @vercel/nft@1.3.0
166 silly packumentCache full:https://registry.npmjs.org/@vercel%2fnft cache-miss
167 http fetch GET 200 https://registry.npmjs.org/tsx 250ms (cache revalidated)
168 silly packumentCache full:https://registry.npmjs.org/tsx set size:289592 disposed:false
169 silly fetch manifest oxc-transform@0.111.0
170 silly packumentCache full:https://registry.npmjs.org/oxc-transform cache-miss
171 http fetch GET 200 https://registry.npmjs.org/zod 272ms (cache revalidated)
172 silly packumentCache full:https://registry.npmjs.org/zod set size:3489329 disposed:false
173 silly fetch manifest path-to-regexp@8.3.0
174 silly packumentCache full:https://registry.npmjs.org/path-to-regexp cache-miss
175 http fetch GET 200 https://registry.npmjs.org/execa 346ms (cache miss)
176 silly packumentCache full:https://registry.npmjs.org/execa set size:undefined disposed:false
177 silly fetch manifest resolve.exports@2.0.3
178 silly packumentCache full:https://registry.npmjs.org/resolve.exports cache-miss
179 http fetch GET 200 https://registry.npmjs.org/srvx 353ms (cache miss)
180 silly packumentCache full:https://registry.npmjs.org/srvx set size:undefined disposed:false
181 silly fetch manifest undici@^5.28.4
182 silly packumentCache full:https://registry.npmjs.org/undici cache-miss
183 http fetch GET 200 https://registry.npmjs.org/fs-extra 360ms (cache miss)
184 silly packumentCache full:https://registry.npmjs.org/fs-extra set size:undefined disposed:false
185 silly fetch manifest is-buffer@^2.0.5
186 silly packumentCache full:https://registry.npmjs.org/is-buffer cache-miss
187 http fetch GET 200 https://registry.npmjs.org/rolldown 424ms (cache miss)
188 silly packumentCache full:https://registry.npmjs.org/rolldown set size:undefined disposed:false
189 silly fetch manifest throttleit@^2.1.0
190 silly packumentCache full:https://registry.npmjs.org/throttleit cache-miss
191 http fetch GET 200 https://registry.npmjs.org/@vercel%2fnft 478ms (cache miss)
192 silly packumentCache full:https://registry.npmjs.org/@vercel%2fnft set size:undefined disposed:false
193 silly fetch manifest async-retry@^1.3.3
194 silly packumentCache full:https://registry.npmjs.org/async-retry cache-miss
195 http fetch GET 200 https://registry.npmjs.org/path-to-regexp 211ms (cache miss)
196 silly packumentCache full:https://registry.npmjs.org/path-to-regexp set size:undefined disposed:false
197 silly fetch manifest is-node-process@^1.2.0
198 silly packumentCache full:https://registry.npmjs.org/is-node-process cache-miss
199 http fetch GET 200 https://registry.npmjs.org/resolve.exports 196ms (cache miss)
200 silly packumentCache full:https://registry.npmjs.org/resolve.exports set size:undefined disposed:false
201 silly fetch manifest @vercel/static-config@3.1.2
202 silly packumentCache full:https://registry.npmjs.org/@vercel%2fstatic-config cache-miss
203 http fetch GET 200 https://registry.npmjs.org/oxc-transform 291ms (cache miss)
204 silly packumentCache full:https://registry.npmjs.org/oxc-transform set size:undefined disposed:false
205 silly fetch manifest ts-morph@12.0.0
206 silly packumentCache full:https://registry.npmjs.org/ts-morph cache-miss
207 http fetch GET 200 https://registry.npmjs.org/is-buffer 312ms (cache miss)
208 silly packumentCache full:https://registry.npmjs.org/is-buffer set size:undefined disposed:false
209 silly fetch manifest @vercel/nft@1.1.1
210 silly packumentCache full:https://registry.npmjs.org/@vercel%2fnft cache-miss
211 http cache https://registry.npmjs.org/@vercel%2fnft 27ms (cache hit)
212 silly packumentCache full:https://registry.npmjs.org/@vercel%2fnft set size:557717 disposed:false
213 silly fetch manifest @vercel/cervel@0.0.12
214 silly packumentCache full:https://registry.npmjs.org/@vercel%2fcervel cache-miss
215 http fetch GET 200 https://registry.npmjs.org/async-retry 275ms (cache miss)
216 silly packumentCache full:https://registry.npmjs.org/async-retry set size:undefined disposed:false
217 silly fetch manifest @vercel/static-config@3.1.2
218 silly packumentCache full:https://registry.npmjs.org/@vercel%2fstatic-config cache-miss
219 http fetch GET 200 https://registry.npmjs.org/undici 420ms (cache miss)
220 silly packumentCache full:https://registry.npmjs.org/undici set size:undefined disposed:false
221 silly fetch manifest @vercel/static-config@3.1.2
222 silly packumentCache full:https://registry.npmjs.org/@vercel%2fstatic-config cache-miss
223 http fetch GET 200 https://registry.npmjs.org/throttleit 366ms (cache revalidated)
224 silly packumentCache full:https://registry.npmjs.org/throttleit set size:14001 disposed:false
225 silly fetch manifest ms@2.1.1
226 silly packumentCache full:https://registry.npmjs.org/ms cache-miss
227 http fetch GET 200 https://registry.npmjs.org/is-node-process 312ms (cache miss)
228 silly packumentCache full:https://registry.npmjs.org/is-node-process set size:undefined disposed:false
229 silly fetch manifest tar@6.2.1
230 silly packumentCache full:https://registry.npmjs.org/tar cache-miss
231 http fetch GET 200 https://registry.npmjs.org/@vercel%2fstatic-config 335ms (cache miss)
232 silly packumentCache full:https://registry.npmjs.org/@vercel%2fstatic-config set size:undefined disposed:false
233 silly fetch manifest debug@4.3.4
234 silly packumentCache full:https://registry.npmjs.org/debug cache-miss
235 http fetch GET 200 https://registry.npmjs.org/ts-morph 353ms (cache miss)
236 silly packumentCache full:https://registry.npmjs.org/ts-morph set size:undefined disposed:false
237 silly fetch manifest micro@9.3.5-canary.3
238 silly packumentCache full:https://registry.npmjs.org/micro cache-miss
239 http fetch GET 200 https://registry.npmjs.org/@vercel%2fcervel 395ms (cache miss)
240 silly packumentCache full:https://registry.npmjs.org/@vercel%2fcervel set size:undefined disposed:false
241 silly fetch manifest semver@7.5.4
242 silly packumentCache full:https://registry.npmjs.org/semver cache-miss
243 http fetch GET 200 https://registry.npmjs.org/debug 240ms (cache revalidated)
244 silly packumentCache full:https://registry.npmjs.org/debug set size:195840 disposed:false
245 silly fetch manifest tinyexec@0.3.2
246 silly packumentCache full:https://registry.npmjs.org/tinyexec cache-miss
247 http fetch GET 200 https://registry.npmjs.org/ms 300ms (cache revalidated)
248 silly packumentCache full:https://registry.npmjs.org/ms set size:92208 disposed:false
249 silly fetch manifest stat-mode@0.3.0
250 silly packumentCache full:https://registry.npmjs.org/stat-mode cache-miss
251 http fetch GET 200 https://registry.npmjs.org/@vercel%2fstatic-config 383ms (cache miss)
252 silly packumentCache full:https://registry.npmjs.org/@vercel%2fstatic-config set size:undefined disposed:false
253 silly fetch manifest tree-kill@1.2.2
254 silly packumentCache full:https://registry.npmjs.org/tree-kill cache-miss
255 http fetch GET 200 https://registry.npmjs.org/@vercel%2fstatic-config 363ms (cache miss)
256 silly packumentCache full:https://registry.npmjs.org/@vercel%2fstatic-config set size:undefined disposed:false
257 silly fetch manifest node-fetch@2.6.7
258 silly packumentCache full:https://registry.npmjs.org/node-fetch cache-miss
259 http fetch GET 200 https://registry.npmjs.org/tar 342ms (cache miss)
260 silly packumentCache full:https://registry.npmjs.org/tar set size:undefined disposed:false
261 silly fetch manifest promisepipe@3.0.0
262 silly packumentCache full:https://registry.npmjs.org/promisepipe cache-miss
263 http fetch GET 200 https://registry.npmjs.org/micro 308ms (cache miss)
264 silly packumentCache full:https://registry.npmjs.org/micro set size:undefined disposed:false
265 silly fetch manifest uid-promise@1.0.0
266 silly packumentCache full:https://registry.npmjs.org/uid-promise cache-miss
267 http fetch GET 200 https://registry.npmjs.org/tinyexec 206ms (cache miss)
268 silly packumentCache full:https://registry.npmjs.org/tinyexec set size:undefined disposed:false
269 silly fetch manifest async-listen@1.2.0
270 silly packumentCache full:https://registry.npmjs.org/async-listen cache-miss
271 http fetch GET 200 https://registry.npmjs.org/stat-mode 253ms (cache miss)
272 silly packumentCache full:https://registry.npmjs.org/stat-mode set size:undefined disposed:false
273 silly fetch manifest generic-pool@3.4.2
274 silly packumentCache full:https://registry.npmjs.org/generic-pool cache-miss
275 http fetch GET 200 https://registry.npmjs.org/semver 282ms (cache revalidated)
276 silly packumentCache full:https://registry.npmjs.org/semver set size:226907 disposed:false
277 silly fetch manifest xdg-app-paths@5.1.0
278 silly packumentCache full:https://registry.npmjs.org/xdg-app-paths cache-miss
279 http fetch GET 200 https://registry.npmjs.org/tree-kill 260ms (cache miss)
280 silly packumentCache full:https://registry.npmjs.org/tree-kill set size:undefined disposed:false
281 silly fetch manifest yauzl-promise@2.1.3
282 silly packumentCache full:https://registry.npmjs.org/yauzl-promise cache-miss
283 http fetch GET 200 https://registry.npmjs.org/promisepipe 291ms (cache miss)
284 silly packumentCache full:https://registry.npmjs.org/promisepipe set size:undefined disposed:false
285 silly fetch manifest path-to-regexp@8.2.0
286 silly packumentCache full:https://registry.npmjs.org/path-to-regexp cache-miss
287 http fetch GET 200 https://registry.npmjs.org/node-fetch 323ms (cache revalidated)
288 silly packumentCache full:https://registry.npmjs.org/node-fetch set size:896010 disposed:false
289 silly fetch manifest @tootallnate/once@2.0.0
290 silly packumentCache full:https://registry.npmjs.org/@tootallnate%2fonce cache-miss
291 http fetch GET 200 https://registry.npmjs.org/uid-promise 281ms (cache miss)
292 silly packumentCache full:https://registry.npmjs.org/uid-promise set size:undefined disposed:false
293 silly fetch manifest stream-to-promise@2.2.0
294 silly packumentCache full:https://registry.npmjs.org/stream-to-promise cache-miss
295 http cache https://registry.npmjs.org/path-to-regexp 29ms (cache hit)
296 silly packumentCache full:https://registry.npmjs.org/path-to-regexp set size:207142 disposed:false
297 silly fetch manifest etag@1.8.1
298 silly packumentCache full:https://registry.npmjs.org/etag cache-miss
299 http fetch GET 200 https://registry.npmjs.org/async-listen 284ms (cache miss)
300 silly packumentCache full:https://registry.npmjs.org/async-listen set size:undefined disposed:false
301 silly fetch manifest undici@5.28.4
302 silly packumentCache full:https://registry.npmjs.org/undici cache-miss
303 http cache https://registry.npmjs.org/undici 54ms (cache hit)
304 silly packumentCache full:https://registry.npmjs.org/undici set size:1257850 disposed:false
305 silly fetch manifest ts-node@10.9.1
306 silly packumentCache full:https://registry.npmjs.org/ts-node cache-miss
307 http fetch GET 200 https://registry.npmjs.org/yauzl-promise 320ms (cache miss)
308 silly packumentCache full:https://registry.npmjs.org/yauzl-promise set size:undefined disposed:false
309 silly fetch manifest mime-types@2.1.35
310 silly packumentCache full:https://registry.npmjs.org/mime-types cache-miss
311 http fetch GET 200 https://registry.npmjs.org/generic-pool 351ms (cache miss)
312 silly packumentCache full:https://registry.npmjs.org/generic-pool set size:undefined disposed:false
313 silly fetch manifest node-fetch@2.6.9
314 silly packumentCache full:https://registry.npmjs.org/node-fetch cache-hit
315 silly fetch manifest typescript@4.9.5
316 silly packumentCache full:https://registry.npmjs.org/typescript cache-miss
317 http fetch GET 200 https://registry.npmjs.org/xdg-app-paths 362ms (cache miss)
318 silly packumentCache full:https://registry.npmjs.org/xdg-app-paths set size:undefined disposed:false
319 silly fetch manifest @types/node@20.11.0
320 silly packumentCache full:https://registry.npmjs.org/@types%2fnode cache-miss
321 http fetch GET 200 https://registry.npmjs.org/@tootallnate%2fonce 292ms (cache miss)
322 silly packumentCache full:https://registry.npmjs.org/@tootallnate%2fonce set size:undefined disposed:false
323 silly fetch manifest typescript5@npm:typescript@5.9.3
324 silly packumentCache full:https://registry.npmjs.org/typescript cache-miss
325 http fetch GET 200 https://registry.npmjs.org/etag 278ms (cache miss)
326 silly packumentCache full:https://registry.npmjs.org/etag set size:undefined disposed:false
327 silly fetch manifest async-listen@3.0.0
328 silly packumentCache full:https://registry.npmjs.org/async-listen cache-miss
329 http fetch GET 200 https://registry.npmjs.org/stream-to-promise 296ms (cache miss)
330 silly packumentCache full:https://registry.npmjs.org/stream-to-promise set size:undefined disposed:false
331 silly fetch manifest edge-runtime@2.5.9
332 silly packumentCache full:https://registry.npmjs.org/edge-runtime cache-miss
333 http cache https://registry.npmjs.org/typescript 90ms (cache hit)
334 silly packumentCache full:https://registry.npmjs.org/typescript set size:15201038 disposed:false
335 silly fetch manifest path-to-regexp@6.1.0
336 silly packumentCache full:https://registry.npmjs.org/path-to-regexp cache-hit
337 silly fetch manifest es-module-lexer@1.4.1
338 silly packumentCache full:https://registry.npmjs.org/es-module-lexer cache-miss
339 http cache https://registry.npmjs.org/async-listen 197ms (cache hit)
340 silly packumentCache full:https://registry.npmjs.org/async-listen set size:27933 disposed:false
341 silly fetch manifest @edge-runtime/vm@3.2.0
342 silly packumentCache full:https://registry.npmjs.org/@edge-runtime%2fvm cache-miss
343 http cache https://registry.npmjs.org/typescript 247ms (cache hit)
344 silly packumentCache full:https://registry.npmjs.org/typescript set size:15201038 disposed:false
345 silly fetch manifest cjs-module-lexer@1.2.3
346 silly packumentCache full:https://registry.npmjs.org/cjs-module-lexer cache-miss
347 http fetch GET 200 https://registry.npmjs.org/mime-types 451ms (cache revalidated)
348 silly packumentCache full:https://registry.npmjs.org/mime-types set size:139110 disposed:false
349 silly fetch manifest @vercel/error-utils@2.0.3
350 silly packumentCache full:https://registry.npmjs.org/@vercel%2ferror-utils cache-miss
351 http fetch GET 200 https://registry.npmjs.org/ts-node 478ms (cache miss)
352 silly packumentCache full:https://registry.npmjs.org/ts-node set size:undefined disposed:false
353 silly fetch manifest path-to-regexp-updated@npm:path-to-regexp@6.3.0
354 silly packumentCache full:https://registry.npmjs.org/path-to-regexp cache-hit
355 silly fetch manifest @edge-runtime/node-utils@2.3.0
356 silly packumentCache full:https://registry.npmjs.org/@edge-runtime%2fnode-utils cache-miss
357 http fetch GET 200 https://registry.npmjs.org/@types%2fnode 443ms (cache revalidated)
358 silly packumentCache full:https://registry.npmjs.org/@types%2fnode set size:10819254 disposed:false
359 silly fetch manifest @edge-runtime/primitives@4.1.0
360 silly packumentCache full:https://registry.npmjs.org/@edge-runtime%2fprimitives cache-miss
361 http fetch GET 200 https://registry.npmjs.org/edge-runtime 663ms (cache miss)
362 silly packumentCache full:https://registry.npmjs.org/edge-runtime set size:undefined disposed:false
363 silly fetch manifest semver@6.3.1
364 silly packumentCache full:https://registry.npmjs.org/semver cache-hit
365 silly fetch manifest @vercel/error-utils@2.0.3
366 silly packumentCache full:https://registry.npmjs.org/@vercel%2ferror-utils cache-miss
367 http fetch GET 200 https://registry.npmjs.org/@vercel%2ferror-utils 295ms (cache miss)
368 silly packumentCache full:https://registry.npmjs.org/@vercel%2ferror-utils set size:undefined disposed:false
369 silly fetch manifest execa@5
370 silly packumentCache full:https://registry.npmjs.org/execa cache-miss
371 http fetch GET 200 https://registry.npmjs.org/cjs-module-lexer 327ms (cache miss)
372 silly packumentCache full:https://registry.npmjs.org/cjs-module-lexer set size:undefined disposed:false
373 silly fetch manifest @iarna/toml@^2.2.5
374 silly packumentCache full:https://registry.npmjs.org/@iarna%2ftoml cache-miss
375 http fetch GET 200 https://registry.npmjs.org/es-module-lexer 522ms (cache miss)
376 silly packumentCache full:https://registry.npmjs.org/es-module-lexer set size:undefined disposed:false
377 silly fetch manifest @vercel/gatsby-plugin-vercel-builder@2.0.127
378 silly packumentCache full:https://registry.npmjs.org/@vercel%2fgatsby-plugin-vercel-builder cache-miss
379 http fetch GET 200 https://registry.npmjs.org/@edge-runtime%2fvm 510ms (cache miss)
380 silly packumentCache full:https://registry.npmjs.org/@edge-runtime%2fvm set size:undefined disposed:false
381 silly fetch manifest @vercel/gatsby-plugin-vercel-analytics@1.0.11
382 silly packumentCache full:https://registry.npmjs.org/@vercel%2fgatsby-plugin-vercel-analytics cache-miss
383 http cache https://registry.npmjs.org/@vercel%2ferror-utils 43ms (cache hit)
384 silly packumentCache full:https://registry.npmjs.org/@vercel%2ferror-utils set size:38798 disposed:false
385 silly fetch manifest readdirp@^4.0.1
386 silly packumentCache full:https://registry.npmjs.org/readdirp cache-miss
387 http cache https://registry.npmjs.org/execa 50ms (cache hit)
388 silly packumentCache full:https://registry.npmjs.org/execa set size:181234 disposed:false
389 silly fetch manifest @esbuild/aix-ppc64@0.27.0
390 silly packumentCache full:https://registry.npmjs.org/@esbuild%2faix-ppc64 cache-miss
391 http fetch GET 200 https://registry.npmjs.org/@edge-runtime%2fnode-utils 517ms (cache miss)
392 silly packumentCache full:https://registry.npmjs.org/@edge-runtime%2fnode-utils set size:undefined disposed:false
393 silly fetch manifest @esbuild/linux-arm@0.27.0
394 silly packumentCache full:https://registry.npmjs.org/@esbuild%2flinux-arm cache-miss
395 http fetch GET 200 https://registry.npmjs.org/@edge-runtime%2fprimitives 329ms (cache miss)
396 silly packumentCache full:https://registry.npmjs.org/@edge-runtime%2fprimitives set size:undefined disposed:false
397 silly fetch manifest @esbuild/linux-x64@0.27.0
398 silly packumentCache full:https://registry.npmjs.org/@esbuild%2flinux-x64 cache-miss
399 http fetch GET 200 https://registry.npmjs.org/@vercel%2fgatsby-plugin-vercel-analytics 297ms (cache miss)
400 silly packumentCache full:https://registry.npmjs.org/@vercel%2fgatsby-plugin-vercel-analytics set size:undefined disposed:false
401 silly fetch manifest @esbuild/sunos-x64@0.27.0
402 silly packumentCache full:https://registry.npmjs.org/@esbuild%2fsunos-x64 cache-miss
403 http fetch GET 200 https://registry.npmjs.org/readdirp 302ms (cache revalidated)
404 silly packumentCache full:https://registry.npmjs.org/readdirp set size:107589 disposed:false
405 silly fetch manifest @esbuild/win32-x64@0.27.0
406 silly packumentCache full:https://registry.npmjs.org/@esbuild%2fwin32-x64 cache-miss
407 http fetch GET 200 https://registry.npmjs.org/@iarna%2ftoml 365ms (cache miss)
408 silly packumentCache full:https://registry.npmjs.org/@iarna%2ftoml set size:undefined disposed:false
409 silly fetch manifest @esbuild/darwin-x64@0.27.0
410 silly packumentCache full:https://registry.npmjs.org/@esbuild%2fdarwin-x64 cache-miss
411 http fetch GET 200 https://registry.npmjs.org/@esbuild%2faix-ppc64 344ms (cache miss)
412 silly packumentCache full:https://registry.npmjs.org/@esbuild%2faix-ppc64 set size:undefined disposed:false
413 silly fetch manifest @esbuild/linux-ia32@0.27.0
414 silly packumentCache full:https://registry.npmjs.org/@esbuild%2flinux-ia32 cache-miss
415 http fetch GET 200 https://registry.npmjs.org/@vercel%2fgatsby-plugin-vercel-builder 401ms (cache miss)
416 silly packumentCache full:https://registry.npmjs.org/@vercel%2fgatsby-plugin-vercel-builder set size:undefined disposed:false
417 silly fetch manifest @esbuild/netbsd-x64@0.27.0
418 silly packumentCache full:https://registry.npmjs.org/@esbuild%2fnetbsd-x64 cache-miss
419 http fetch GET 200 https://registry.npmjs.org/@esbuild%2flinux-arm 271ms (cache miss)
420 silly packumentCache full:https://registry.npmjs.org/@esbuild%2flinux-arm set size:undefined disposed:false
421 silly fetch manifest @esbuild/win32-ia32@0.27.0
422 silly packumentCache full:https://registry.npmjs.org/@esbuild%2fwin32-ia32 cache-miss
423 http fetch GET 200 https://registry.npmjs.org/@esbuild%2flinux-x64 297ms (cache miss)
424 silly packumentCache full:https://registry.npmjs.org/@esbuild%2flinux-x64 set size:undefined disposed:false
425 silly fetch manifest @esbuild/android-arm@0.27.0
426 silly packumentCache full:https://registry.npmjs.org/@esbuild%2fandroid-arm cache-miss
427 http fetch GET 200 https://registry.npmjs.org/@esbuild%2fsunos-x64 347ms (cache miss)
428 silly packumentCache full:https://registry.npmjs.org/@esbuild%2fsunos-x64 set size:undefined disposed:false
429 silly fetch manifest @esbuild/android-x64@0.27.0
430 silly packumentCache full:https://registry.npmjs.org/@esbuild%2fandroid-x64 cache-miss
431 http fetch GET 200 https://registry.npmjs.org/@esbuild%2fwin32-x64 349ms (cache miss)
432 silly packumentCache full:https://registry.npmjs.org/@esbuild%2fwin32-x64 set size:undefined disposed:false
433 silly fetch manifest @esbuild/freebsd-x64@0.27.0
434 silly packumentCache full:https://registry.npmjs.org/@esbuild%2ffreebsd-x64 cache-miss
435 http fetch GET 200 https://registry.npmjs.org/@esbuild%2fdarwin-x64 331ms (cache miss)
436 silly packumentCache full:https://registry.npmjs.org/@esbuild%2fdarwin-x64 set size:undefined disposed:false
437 silly fetch manifest @esbuild/linux-arm64@0.27.0
438 silly packumentCache full:https://registry.npmjs.org/@esbuild%2flinux-arm64 cache-miss
439 http fetch GET 200 https://registry.npmjs.org/@esbuild%2flinux-ia32 321ms (cache miss)
440 silly packumentCache full:https://registry.npmjs.org/@esbuild%2flinux-ia32 set size:undefined disposed:false
441 silly fetch manifest @esbuild/linux-ppc64@0.27.0
442 silly packumentCache full:https://registry.npmjs.org/@esbuild%2flinux-ppc64 cache-miss
443 http fetch GET 200 https://registry.npmjs.org/@esbuild%2fnetbsd-x64 307ms (cache miss)
444 silly packumentCache full:https://registry.npmjs.org/@esbuild%2fnetbsd-x64 set size:undefined disposed:false
445 silly fetch manifest @esbuild/linux-s390x@0.27.0
446 silly packumentCache full:https://registry.npmjs.org/@esbuild%2flinux-s390x cache-miss
447 http fetch GET 200 https://registry.npmjs.org/@esbuild%2fwin32-ia32 253ms (cache miss)
448 silly packumentCache full:https://registry.npmjs.org/@esbuild%2fwin32-ia32 set size:undefined disposed:false
449 silly fetch manifest @esbuild/openbsd-x64@0.27.0
450 silly packumentCache full:https://registry.npmjs.org/@esbuild%2fopenbsd-x64 cache-miss
451 http fetch GET 200 https://registry.npmjs.org/@esbuild%2fandroid-arm 274ms (cache miss)
452 silly packumentCache full:https://registry.npmjs.org/@esbuild%2fandroid-arm set size:undefined disposed:false
453 silly fetch manifest @esbuild/win32-arm64@0.27.0
454 silly packumentCache full:https://registry.npmjs.org/@esbuild%2fwin32-arm64 cache-miss
455 http fetch GET 200 https://registry.npmjs.org/@esbuild%2fandroid-x64 323ms (cache miss)
456 silly packumentCache full:https://registry.npmjs.org/@esbuild%2fandroid-x64 set size:undefined disposed:false
457 silly fetch manifest @esbuild/darwin-arm64@0.27.0
458 silly packumentCache full:https://registry.npmjs.org/@esbuild%2fdarwin-arm64 cache-miss
459 http fetch GET 200 https://registry.npmjs.org/@esbuild%2ffreebsd-x64 311ms (cache miss)
460 silly packumentCache full:https://registry.npmjs.org/@esbuild%2ffreebsd-x64 set size:undefined disposed:false
461 silly fetch manifest @esbuild/netbsd-arm64@0.27.0
462 silly packumentCache full:https://registry.npmjs.org/@esbuild%2fnetbsd-arm64 cache-miss
463 http fetch GET 200 https://registry.npmjs.org/@esbuild%2flinux-arm64 322ms (cache miss)
464 silly packumentCache full:https://registry.npmjs.org/@esbuild%2flinux-arm64 set size:undefined disposed:false
465 silly fetch manifest @esbuild/android-arm64@0.27.0
466 silly packumentCache full:https://registry.npmjs.org/@esbuild%2fandroid-arm64 cache-miss
467 http fetch GET 200 https://registry.npmjs.org/@esbuild%2flinux-ppc64 321ms (cache miss)
468 silly packumentCache full:https://registry.npmjs.org/@esbuild%2flinux-ppc64 set size:undefined disposed:false
469 silly fetch manifest @esbuild/freebsd-arm64@0.27.0
470 silly packumentCache full:https://registry.npmjs.org/@esbuild%2ffreebsd-arm64 cache-miss
471 http fetch GET 200 https://registry.npmjs.org/@esbuild%2fopenbsd-x64 302ms (cache miss)
472 silly packumentCache full:https://registry.npmjs.org/@esbuild%2fopenbsd-x64 set size:undefined disposed:false
473 silly fetch manifest @esbuild/linux-loong64@0.27.0
474 silly packumentCache full:https://registry.npmjs.org/@esbuild%2flinux-loong64 cache-miss
475 http fetch GET 200 https://registry.npmjs.org/@esbuild%2flinux-s390x 340ms (cache miss)
476 silly packumentCache full:https://registry.npmjs.org/@esbuild%2flinux-s390x set size:undefined disposed:false
477 silly fetch manifest @esbuild/linux-riscv64@0.27.0
478 silly packumentCache full:https://registry.npmjs.org/@esbuild%2flinux-riscv64 cache-miss
479 http fetch GET 200 https://registry.npmjs.org/@esbuild%2fwin32-arm64 250ms (cache miss)
480 silly packumentCache full:https://registry.npmjs.org/@esbuild%2fwin32-arm64 set size:undefined disposed:false
481 silly fetch manifest @esbuild/openbsd-arm64@0.27.0
482 silly packumentCache full:https://registry.npmjs.org/@esbuild%2fopenbsd-arm64 cache-miss
483 http fetch GET 200 https://registry.npmjs.org/@esbuild%2fnetbsd-arm64 333ms (cache miss)
484 silly packumentCache full:https://registry.npmjs.org/@esbuild%2fnetbsd-arm64 set size:undefined disposed:false
485 silly fetch manifest @esbuild/linux-mips64el@0.27.0
486 silly packumentCache full:https://registry.npmjs.org/@esbuild%2flinux-mips64el cache-miss
487 http fetch GET 200 https://registry.npmjs.org/@esbuild%2fdarwin-arm64 375ms (cache miss)
488 silly packumentCache full:https://registry.npmjs.org/@esbuild%2fdarwin-arm64 set size:undefined disposed:false
489 silly fetch manifest @esbuild/openharmony-arm64@0.27.0
490 silly packumentCache full:https://registry.npmjs.org/@esbuild%2fopenharmony-arm64 cache-miss
491 http fetch GET 200 https://registry.npmjs.org/@esbuild%2ffreebsd-arm64 345ms (cache miss)
492 silly packumentCache full:https://registry.npmjs.org/@esbuild%2ffreebsd-arm64 set size:undefined disposed:false
493 silly fetch manifest asynckit@^0.4.0
494 silly packumentCache full:https://registry.npmjs.org/asynckit cache-miss
495 http fetch GET 200 https://registry.npmjs.org/@esbuild%2fandroid-arm64 362ms (cache miss)
496 silly packumentCache full:https://registry.npmjs.org/@esbuild%2fandroid-arm64 set size:undefined disposed:false
497 silly fetch manifest combined-stream@^1.0.8
498 silly packumentCache full:https://registry.npmjs.org/combined-stream cache-miss
499 http fetch GET 200 https://registry.npmjs.org/@esbuild%2flinux-loong64 346ms (cache miss)
500 silly packumentCache full:https://registry.npmjs.org/@esbuild%2flinux-loong64 set size:undefined disposed:false
501 silly fetch manifest es-set-tostringtag@^2.1.0
502 silly packumentCache full:https://registry.npmjs.org/es-set-tostringtag cache-miss
503 http fetch GET 200 https://registry.npmjs.org/@esbuild%2flinux-riscv64 355ms (cache miss)
504 silly packumentCache full:https://registry.npmjs.org/@esbuild%2flinux-riscv64 set size:undefined disposed:false
505 silly fetch manifest hasown@^2.0.2
506 silly packumentCache full:https://registry.npmjs.org/hasown cache-miss
507 http fetch GET 200 https://registry.npmjs.org/@esbuild%2fopenbsd-arm64 327ms (cache miss)
508 silly packumentCache full:https://registry.npmjs.org/@esbuild%2fopenbsd-arm64 set size:undefined disposed:false
509 silly fetch manifest mime-types@^2.1.12
510 silly packumentCache full:https://registry.npmjs.org/mime-types cache-hit
511 http fetch GET 200 https://registry.npmjs.org/@esbuild%2fopenharmony-arm64 276ms (cache miss)
512 silly packumentCache full:https://registry.npmjs.org/@esbuild%2fopenharmony-arm64 set size:undefined disposed:false
513 http fetch GET 200 https://registry.npmjs.org/@esbuild%2flinux-mips64el 324ms (cache miss)
514 silly packumentCache full:https://registry.npmjs.org/@esbuild%2flinux-mips64el set size:undefined disposed:false
515 http fetch GET 200 https://registry.npmjs.org/combined-stream 312ms (cache revalidated)
516 silly packumentCache full:https://registry.npmjs.org/combined-stream set size:40337 disposed:false
517 http fetch GET 200 https://registry.npmjs.org/hasown 288ms (cache revalidated)
518 silly packumentCache full:https://registry.npmjs.org/hasown set size:12476 disposed:false
519 http fetch GET 200 https://registry.npmjs.org/es-set-tostringtag 308ms (cache revalidated)
520 silly packumentCache full:https://registry.npmjs.org/es-set-tostringtag set size:22094 disposed:false
521 http fetch GET 200 https://registry.npmjs.org/asynckit 334ms (cache revalidated)
522 silly packumentCache full:https://registry.npmjs.org/asynckit set size:18932 disposed:false
523 silly placeDep node_modules/vercel @vercel/nft@1.3.0 OK for: @vercel/backends@0.0.25 want: 1.3.0
524 silly placeDep node_modules/vercel execa@3.2.0 OK for: @vercel/backends@0.0.25 want: 3.2.0
525 silly placeDep node_modules/vercel fs-extra@11.1.0 OK for: @vercel/backends@0.0.25 want: 11.1.0
526 silly placeDep node_modules/vercel oxc-transform@0.111.0 OK for: @vercel/backends@0.0.25 want: 0.111.0
527 silly placeDep node_modules/vercel path-to-regexp@8.3.0 OK for: @vercel/backends@0.0.25 want: 8.3.0
528 silly placeDep node_modules/vercel resolve.exports@2.0.3 OK for: @vercel/backends@0.0.25 want: 2.0.3
529 silly placeDep node_modules/vercel rolldown@1.0.0-rc.1 OK for: @vercel/backends@0.0.25 want: 1.0.0-rc.1
530 silly placeDep node_modules/vercel srvx@0.8.9 OK for: @vercel/backends@0.0.25 want: 0.8.9
531 silly placeDep node_modules/vercel tsx@4.21.0 OK for: @vercel/backends@0.0.25 want: 4.21.0
532 silly placeDep node_modules/vercel zod@3.22.4 OK for: @vercel/backends@0.0.25 want: 3.22.4
533 silly fetch manifest glob@^13.0.0
534 silly packumentCache full:https://registry.npmjs.org/glob cache-miss
535 silly fetch manifest acorn@^8.6.0
536 silly packumentCache full:https://registry.npmjs.org/acorn cache-miss
537 silly fetch manifest bindings@^1.4.0
538 silly packumentCache full:https://registry.npmjs.org/bindings cache-miss
539 silly fetch manifest picomatch@^4.0.2
540 silly packumentCache full:https://registry.npmjs.org/picomatch cache-miss
541 silly fetch manifest async-sema@^3.1.1
542 silly packumentCache full:https://registry.npmjs.org/async-sema cache-miss
543 silly fetch manifest graceful-fs@^4.2.9
544 silly packumentCache full:https://registry.npmjs.org/graceful-fs cache-miss
545 silly fetch manifest resolve-from@^5.0.0
546 silly packumentCache full:https://registry.npmjs.org/resolve-from cache-miss
547 http fetch GET 200 https://registry.npmjs.org/picomatch 429ms (cache revalidated)
548 silly packumentCache full:https://registry.npmjs.org/picomatch set size:118818 disposed:false
549 silly fetch manifest estree-walker@2.0.2
550 silly packumentCache full:https://registry.npmjs.org/estree-walker cache-miss
551 http fetch GET 200 https://registry.npmjs.org/bindings 460ms (cache miss)
552 silly packumentCache full:https://registry.npmjs.org/bindings set size:undefined disposed:false
553 silly fetch manifest node-gyp-build@^4.2.2
554 silly packumentCache full:https://registry.npmjs.org/node-gyp-build cache-miss
555 http fetch GET 200 https://registry.npmjs.org/async-sema 470ms (cache miss)
556 silly packumentCache full:https://registry.npmjs.org/async-sema set size:undefined disposed:false
557 silly fetch manifest @rollup/pluginutils@^5.1.3
558 silly packumentCache full:https://registry.npmjs.org/@rollup%2fpluginutils cache-miss
559 http fetch GET 200 https://registry.npmjs.org/acorn 503ms (cache revalidated)
560 silly packumentCache full:https://registry.npmjs.org/acorn set size:377362 disposed:false
561 silly fetch manifest @mapbox/node-pre-gyp@^2.0.0
562 silly packumentCache full:https://registry.npmjs.org/@mapbox%2fnode-pre-gyp cache-miss
563 http fetch GET 200 https://registry.npmjs.org/resolve-from 507ms (cache revalidated)
564 silly packumentCache full:https://registry.npmjs.org/resolve-from set size:12911 disposed:false
565 silly fetch manifest acorn-import-attributes@^1.9.5
566 silly packumentCache full:https://registry.npmjs.org/acorn-import-attributes cache-miss
567 http fetch GET 200 https://registry.npmjs.org/graceful-fs 510ms (cache revalidated)
568 silly packumentCache full:https://registry.npmjs.org/graceful-fs set size:124285 disposed:false
569 silly fetch manifest onetime@^5.1.0
570 silly packumentCache full:https://registry.npmjs.org/onetime cache-miss
571 http fetch GET 200 https://registry.npmjs.org/glob 520ms (cache revalidated)
572 silly packumentCache full:https://registry.npmjs.org/glob set size:452622 disposed:false
573 silly fetch manifest is-stream@^2.0.0
574 silly packumentCache full:https://registry.npmjs.org/is-stream cache-miss
575 http fetch GET 200 https://registry.npmjs.org/estree-walker 300ms (cache revalidated)
576 silly packumentCache full:https://registry.npmjs.org/estree-walker set size:60887 disposed:false
577 silly fetch manifest p-finally@^2.0.0
578 silly packumentCache full:https://registry.npmjs.org/p-finally cache-miss
579 http fetch GET 200 https://registry.npmjs.org/node-gyp-build 308ms (cache miss)
580 silly packumentCache full:https://registry.npmjs.org/node-gyp-build set size:undefined disposed:false
581 silly fetch manifest get-stream@^5.0.0
582 silly packumentCache full:https://registry.npmjs.org/get-stream cache-miss
583 http fetch GET 200 https://registry.npmjs.org/@rollup%2fpluginutils 307ms (cache miss)
584 silly packumentCache full:https://registry.npmjs.org/@rollup%2fpluginutils set size:undefined disposed:false
585 silly fetch manifest cross-spawn@^7.0.0
586 silly packumentCache full:https://registry.npmjs.org/cross-spawn cache-miss
587 http fetch GET 200 https://registry.npmjs.org/acorn-import-attributes 309ms (cache miss)
588 silly packumentCache full:https://registry.npmjs.org/acorn-import-attributes set size:undefined disposed:false
589 silly fetch manifest signal-exit@^3.0.2
590 silly packumentCache full:https://registry.npmjs.org/signal-exit cache-miss
591 http fetch GET 200 https://registry.npmjs.org/onetime 323ms (cache miss)
592 silly packumentCache full:https://registry.npmjs.org/onetime set size:undefined disposed:false
593 silly fetch manifest merge-stream@^2.0.0
594 silly packumentCache full:https://registry.npmjs.org/merge-stream cache-miss
595 http fetch GET 200 https://registry.npmjs.org/is-stream 317ms (cache miss)
596 silly packumentCache full:https://registry.npmjs.org/is-stream set size:undefined disposed:false
597 silly fetch manifest npm-run-path@^4.0.0
598 silly packumentCache full:https://registry.npmjs.org/npm-run-path cache-miss
599 http fetch GET 200 https://registry.npmjs.org/@mapbox%2fnode-pre-gyp 342ms (cache miss)
600 silly packumentCache full:https://registry.npmjs.org/@mapbox%2fnode-pre-gyp set size:undefined disposed:false
601 silly fetch manifest human-signals@^1.1.1
602 silly packumentCache full:https://registry.npmjs.org/human-signals cache-miss
603 http fetch GET 200 https://registry.npmjs.org/p-finally 276ms (cache miss)
604 silly packumentCache full:https://registry.npmjs.org/p-finally set size:undefined disposed:false
605 silly fetch manifest strip-final-newline@^2.0.0
606 silly packumentCache full:https://registry.npmjs.org/strip-final-newline cache-miss
607 http fetch GET 200 https://registry.npmjs.org/get-stream 258ms (cache miss)
608 silly packumentCache full:https://registry.npmjs.org/get-stream set size:undefined disposed:false
609 silly fetch manifest jsonfile@^6.0.1
610 silly packumentCache full:https://registry.npmjs.org/jsonfile cache-miss
611 http fetch GET 200 https://registry.npmjs.org/signal-exit 233ms (cache revalidated)
612 silly packumentCache full:https://registry.npmjs.org/signal-exit set size:53489 disposed:false
613 silly fetch manifest graceful-fs@^4.2.0
614 silly packumentCache full:https://registry.npmjs.org/graceful-fs cache-hit
615 silly fetch manifest universalify@^2.0.0
616 silly packumentCache full:https://registry.npmjs.org/universalify cache-miss
617 http fetch GET 200 https://registry.npmjs.org/cross-spawn 285ms (cache revalidated)
618 silly packumentCache full:https://registry.npmjs.org/cross-spawn set size:109066 disposed:false
619 silly fetch manifest @oxc-transform/binding-darwin-x64@0.111.0
620 silly packumentCache full:https://registry.npmjs.org/@oxc-transform%2fbinding-darwin-x64 cache-miss
621 http fetch GET 200 https://registry.npmjs.org/npm-run-path 248ms (cache miss)
622 silly packumentCache full:https://registry.npmjs.org/npm-run-path set size:undefined disposed:false
623 silly fetch manifest @oxc-transform/binding-freebsd-x64@0.111.0
624 silly packumentCache full:https://registry.npmjs.org/@oxc-transform%2fbinding-freebsd-x64 cache-miss
625 http fetch GET 200 https://registry.npmjs.org/merge-stream 263ms (cache miss)
626 silly packumentCache full:https://registry.npmjs.org/merge-stream set size:undefined disposed:false
627 silly fetch manifest @oxc-transform/binding-wasm32-wasi@0.111.0
628 silly packumentCache full:https://registry.npmjs.org/@oxc-transform%2fbinding-wasm32-wasi cache-miss
629 http fetch GET 200 https://registry.npmjs.org/human-signals 250ms (cache miss)
630 silly packumentCache full:https://registry.npmjs.org/human-signals set size:undefined disposed:false
631 silly fetch manifest @oxc-transform/binding-darwin-arm64@0.111.0
632 silly packumentCache full:https://registry.npmjs.org/@oxc-transform%2fbinding-darwin-arm64 cache-miss
633 http fetch GET 200 https://registry.npmjs.org/strip-final-newline 211ms (cache miss)
634 silly packumentCache full:https://registry.npmjs.org/strip-final-newline set size:undefined disposed:false
635 silly fetch manifest @oxc-transform/binding-android-arm64@0.111.0
636 silly packumentCache full:https://registry.npmjs.org/@oxc-transform%2fbinding-android-arm64 cache-miss
637 http fetch GET 200 https://registry.npmjs.org/jsonfile 230ms (cache miss)
638 silly packumentCache full:https://registry.npmjs.org/jsonfile set size:undefined disposed:false
639 silly fetch manifest @oxc-transform/binding-linux-x64-gnu@0.111.0
640 silly packumentCache full:https://registry.npmjs.org/@oxc-transform%2fbinding-linux-x64-gnu cache-miss
641 http fetch GET 200 https://registry.npmjs.org/universalify 220ms (cache miss)
642 silly packumentCache full:https://registry.npmjs.org/universalify set size:undefined disposed:false
643 silly fetch manifest @oxc-transform/binding-linux-x64-musl@0.111.0
644 silly packumentCache full:https://registry.npmjs.org/@oxc-transform%2fbinding-linux-x64-musl cache-miss
645 http fetch GET 200 https://registry.npmjs.org/@oxc-transform%2fbinding-freebsd-x64 239ms (cache miss)
646 silly packumentCache full:https://registry.npmjs.org/@oxc-transform%2fbinding-freebsd-x64 set size:undefined disposed:false
647 silly fetch manifest @oxc-transform/binding-win32-x64-msvc@0.111.0
648 silly packumentCache full:https://registry.npmjs.org/@oxc-transform%2fbinding-win32-x64-msvc cache-miss
649 http fetch GET 200 https://registry.npmjs.org/@oxc-transform%2fbinding-wasm32-wasi 244ms (cache miss)
650 silly packumentCache full:https://registry.npmjs.org/@oxc-transform%2fbinding-wasm32-wasi set size:undefined disposed:false
651 silly fetch manifest @oxc-transform/binding-linux-arm64-gnu@0.111.0
652 silly packumentCache full:https://registry.npmjs.org/@oxc-transform%2fbinding-linux-arm64-gnu cache-miss
653 http fetch GET 200 https://registry.npmjs.org/@oxc-transform%2fbinding-darwin-arm64 257ms (cache miss)
654 silly packumentCache full:https://registry.npmjs.org/@oxc-transform%2fbinding-darwin-arm64 set size:undefined disposed:false
655 silly fetch manifest @oxc-transform/binding-linux-ppc64-gnu@0.111.0
656 silly packumentCache full:https://registry.npmjs.org/@oxc-transform%2fbinding-linux-ppc64-gnu cache-miss
657 http fetch GET 200 https://registry.npmjs.org/@oxc-transform%2fbinding-darwin-x64 304ms (cache miss)
658 silly packumentCache full:https://registry.npmjs.org/@oxc-transform%2fbinding-darwin-x64 set size:undefined disposed:false
659 silly fetch manifest @oxc-transform/binding-linux-s390x-gnu@0.111.0
660 silly packumentCache full:https://registry.npmjs.org/@oxc-transform%2fbinding-linux-s390x-gnu cache-miss
661 http fetch GET 200 https://registry.npmjs.org/@oxc-transform%2fbinding-android-arm64 215ms (cache miss)
662 silly packumentCache full:https://registry.npmjs.org/@oxc-transform%2fbinding-android-arm64 set size:undefined disposed:false
663 silly fetch manifest @oxc-transform/binding-win32-ia32-msvc@0.111.0
664 silly packumentCache full:https://registry.npmjs.org/@oxc-transform%2fbinding-win32-ia32-msvc cache-miss
665 http fetch GET 200 https://registry.npmjs.org/@oxc-transform%2fbinding-linux-x64-gnu 232ms (cache miss)
666 silly packumentCache full:https://registry.npmjs.org/@oxc-transform%2fbinding-linux-x64-gnu set size:undefined disposed:false
667 silly fetch manifest @oxc-transform/binding-android-arm-eabi@0.111.0
668 silly packumentCache full:https://registry.npmjs.org/@oxc-transform%2fbinding-android-arm-eabi cache-miss
669 http fetch GET 200 https://registry.npmjs.org/@oxc-transform%2fbinding-linux-x64-musl 291ms (cache miss)
670 silly packumentCache full:https://registry.npmjs.org/@oxc-transform%2fbinding-linux-x64-musl set size:undefined disposed:false
671 silly fetch manifest @oxc-transform/binding-linux-arm64-musl@0.111.0
672 silly packumentCache full:https://registry.npmjs.org/@oxc-transform%2fbinding-linux-arm64-musl cache-miss
673 http fetch GET 200 https://registry.npmjs.org/@oxc-transform%2fbinding-win32-x64-msvc 249ms (cache miss)
674 silly packumentCache full:https://registry.npmjs.org/@oxc-transform%2fbinding-win32-x64-msvc set size:undefined disposed:false
675 silly fetch manifest @oxc-transform/binding-win32-arm64-msvc@0.111.0
676 silly packumentCache full:https://registry.npmjs.org/@oxc-transform%2fbinding-win32-arm64-msvc cache-miss
677 http fetch GET 200 https://registry.npmjs.org/@oxc-transform%2fbinding-linux-ppc64-gnu 240ms (cache miss)
678 silly packumentCache full:https://registry.npmjs.org/@oxc-transform%2fbinding-linux-ppc64-gnu set size:undefined disposed:false
679 silly fetch manifest @oxc-transform/binding-linux-riscv64-gnu@0.111.0
680 silly packumentCache full:https://registry.npmjs.org/@oxc-transform%2fbinding-linux-riscv64-gnu cache-miss
681 http fetch GET 200 https://registry.npmjs.org/@oxc-transform%2fbinding-linux-arm64-gnu 267ms (cache miss)
682 silly packumentCache full:https://registry.npmjs.org/@oxc-transform%2fbinding-linux-arm64-gnu set size:undefined disposed:false
683 silly fetch manifest @oxc-transform/binding-openharmony-arm64@0.111.0
684 silly packumentCache full:https://registry.npmjs.org/@oxc-transform%2fbinding-openharmony-arm64 cache-miss
685 http fetch GET 200 https://registry.npmjs.org/@oxc-transform%2fbinding-linux-s390x-gnu 259ms (cache miss)
686 silly packumentCache full:https://registry.npmjs.org/@oxc-transform%2fbinding-linux-s390x-gnu set size:undefined disposed:false
687 silly fetch manifest @oxc-transform/binding-linux-riscv64-musl@0.111.0
688 silly packumentCache full:https://registry.npmjs.org/@oxc-transform%2fbinding-linux-riscv64-musl cache-miss
689 http fetch GET 200 https://registry.npmjs.org/@oxc-transform%2fbinding-win32-ia32-msvc 199ms (cache miss)
690 silly packumentCache full:https://registry.npmjs.org/@oxc-transform%2fbinding-win32-ia32-msvc set size:undefined disposed:false
691 silly fetch manifest @oxc-transform/binding-linux-arm-gnueabihf@0.111.0
692 silly packumentCache full:https://registry.npmjs.org/@oxc-transform%2fbinding-linux-arm-gnueabihf cache-miss
693 http fetch GET 200 https://registry.npmjs.org/@oxc-transform%2fbinding-android-arm-eabi 227ms (cache miss)
694 silly packumentCache full:https://registry.npmjs.org/@oxc-transform%2fbinding-android-arm-eabi set size:undefined disposed:false
695 silly fetch manifest @oxc-transform/binding-linux-arm-musleabihf@0.111.0
696 silly packumentCache full:https://registry.npmjs.org/@oxc-transform%2fbinding-linux-arm-musleabihf cache-miss
697 http fetch GET 200 https://registry.npmjs.org/@oxc-transform%2fbinding-linux-arm64-musl 260ms (cache miss)
698 silly packumentCache full:https://registry.npmjs.org/@oxc-transform%2fbinding-linux-arm64-musl set size:undefined disposed:false
699 silly fetch manifest @oxc-project/types@=0.110.0
700 silly packumentCache full:https://registry.npmjs.org/@oxc-project%2ftypes cache-miss
701 http fetch GET 200 https://registry.npmjs.org/@oxc-transform%2fbinding-linux-riscv64-gnu 262ms (cache miss)
702 silly packumentCache full:https://registry.npmjs.org/@oxc-transform%2fbinding-linux-riscv64-gnu set size:undefined disposed:false
703 silly fetch manifest @rolldown/pluginutils@1.0.0-rc.1
704 silly packumentCache full:https://registry.npmjs.org/@rolldown%2fpluginutils cache-miss
705 http fetch GET 200 https://registry.npmjs.org/@oxc-transform%2fbinding-openharmony-arm64 265ms (cache miss)
706 silly packumentCache full:https://registry.npmjs.org/@oxc-transform%2fbinding-openharmony-arm64 set size:undefined disposed:false
707 silly fetch manifest @rolldown/binding-darwin-x64@1.0.0-rc.1
708 silly packumentCache full:https://registry.npmjs.org/@rolldown%2fbinding-darwin-x64 cache-miss
709 http fetch GET 200 https://registry.npmjs.org/@oxc-transform%2fbinding-linux-riscv64-musl 253ms (cache miss)
710 silly packumentCache full:https://registry.npmjs.org/@oxc-transform%2fbinding-linux-riscv64-musl set size:undefined disposed:false
711 silly fetch manifest @rolldown/binding-freebsd-x64@1.0.0-rc.1
712 silly packumentCache full:https://registry.npmjs.org/@rolldown%2fbinding-freebsd-x64 cache-miss
713 http fetch GET 200 https://registry.npmjs.org/@oxc-transform%2fbinding-win32-arm64-msvc 314ms (cache miss)
714 silly packumentCache full:https://registry.npmjs.org/@oxc-transform%2fbinding-win32-arm64-msvc set size:undefined disposed:false
715 silly fetch manifest @rolldown/binding-wasm32-wasi@1.0.0-rc.1
716 silly packumentCache full:https://registry.npmjs.org/@rolldown%2fbinding-wasm32-wasi cache-miss
717 http fetch GET 200 https://registry.npmjs.org/@oxc-transform%2fbinding-linux-arm-gnueabihf 254ms (cache miss)
718 silly packumentCache full:https://registry.npmjs.org/@oxc-transform%2fbinding-linux-arm-gnueabihf set size:undefined disposed:false
719 silly fetch manifest @rolldown/binding-darwin-arm64@1.0.0-rc.1
720 silly packumentCache full:https://registry.npmjs.org/@rolldown%2fbinding-darwin-arm64 cache-miss
721 http fetch GET 200 https://registry.npmjs.org/@oxc-transform%2fbinding-linux-arm-musleabihf 199ms (cache miss)
722 silly packumentCache full:https://registry.npmjs.org/@oxc-transform%2fbinding-linux-arm-musleabihf set size:undefined disposed:false
723 silly fetch manifest @rolldown/binding-android-arm64@1.0.0-rc.1
724 silly packumentCache full:https://registry.npmjs.org/@rolldown%2fbinding-android-arm64 cache-miss
725 http fetch GET 200 https://registry.npmjs.org/@oxc-project%2ftypes 219ms (cache miss)
726 silly packumentCache full:https://registry.npmjs.org/@oxc-project%2ftypes set size:undefined disposed:false
727 silly fetch manifest @rolldown/binding-linux-x64-gnu@1.0.0-rc.1
728 silly packumentCache full:https://registry.npmjs.org/@rolldown%2fbinding-linux-x64-gnu cache-miss
729 http fetch GET 200 https://registry.npmjs.org/@rolldown%2fpluginutils 299ms (cache miss)
730 silly packumentCache full:https://registry.npmjs.org/@rolldown%2fpluginutils set size:undefined disposed:false
731 silly fetch manifest @rolldown/binding-linux-x64-musl@1.0.0-rc.1
732 silly packumentCache full:https://registry.npmjs.org/@rolldown%2fbinding-linux-x64-musl cache-miss
733 http fetch GET 200 https://registry.npmjs.org/@rolldown%2fbinding-android-arm64 246ms (cache miss)
734 silly packumentCache full:https://registry.npmjs.org/@rolldown%2fbinding-android-arm64 set size:undefined disposed:false
735 silly fetch manifest @rolldown/binding-win32-x64-msvc@1.0.0-rc.1
736 silly packumentCache full:https://registry.npmjs.org/@rolldown%2fbinding-win32-x64-msvc cache-miss
737 http fetch GET 200 https://registry.npmjs.org/@rolldown%2fbinding-freebsd-x64 333ms (cache miss)
738 silly packumentCache full:https://registry.npmjs.org/@rolldown%2fbinding-freebsd-x64 set size:undefined disposed:false
739 silly fetch manifest @rolldown/binding-linux-arm64-gnu@1.0.0-rc.1
740 silly packumentCache full:https://registry.npmjs.org/@rolldown%2fbinding-linux-arm64-gnu cache-miss
741 http fetch GET 200 https://registry.npmjs.org/@rolldown%2fbinding-darwin-x64 393ms (cache miss)
742 silly packumentCache full:https://registry.npmjs.org/@rolldown%2fbinding-darwin-x64 set size:undefined disposed:false
743 silly fetch manifest @rolldown/binding-linux-arm64-musl@1.0.0-rc.1
744 silly packumentCache full:https://registry.npmjs.org/@rolldown%2fbinding-linux-arm64-musl cache-miss
745 http fetch GET 200 https://registry.npmjs.org/@rolldown%2fbinding-wasm32-wasi 403ms (cache miss)
746 silly packumentCache full:https://registry.npmjs.org/@rolldown%2fbinding-wasm32-wasi set size:undefined disposed:false
747 silly fetch manifest @rolldown/binding-win32-arm64-msvc@1.0.0-rc.1
748 silly packumentCache full:https://registry.npmjs.org/@rolldown%2fbinding-win32-arm64-msvc cache-miss
749 http fetch GET 200 https://registry.npmjs.org/@rolldown%2fbinding-darwin-arm64 433ms (cache miss)
750 silly packumentCache full:https://registry.npmjs.org/@rolldown%2fbinding-darwin-arm64 set size:undefined disposed:false
751 silly fetch manifest @rolldown/binding-openharmony-arm64@1.0.0-rc.1
752 silly packumentCache full:https://registry.npmjs.org/@rolldown%2fbinding-openharmony-arm64 cache-miss
753 http fetch GET 200 https://registry.npmjs.org/@rolldown%2fbinding-linux-x64-gnu 336ms (cache miss)
754 silly packumentCache full:https://registry.npmjs.org/@rolldown%2fbinding-linux-x64-gnu set size:undefined disposed:false
755 silly fetch manifest @rolldown/binding-linux-arm-gnueabihf@1.0.0-rc.1
756 silly packumentCache full:https://registry.npmjs.org/@rolldown%2fbinding-linux-arm-gnueabihf cache-miss
757 http fetch GET 200 https://registry.npmjs.org/@rolldown%2fbinding-linux-x64-musl 364ms (cache miss)
758 silly packumentCache full:https://registry.npmjs.org/@rolldown%2fbinding-linux-x64-musl set size:undefined disposed:false
759 silly fetch manifest cookie-es@^2.0.0
760 silly packumentCache full:https://registry.npmjs.org/cookie-es cache-miss
761 http fetch GET 200 https://registry.npmjs.org/@rolldown%2fbinding-win32-x64-msvc 408ms (cache miss)
762 silly packumentCache full:https://registry.npmjs.org/@rolldown%2fbinding-win32-x64-msvc set size:undefined disposed:false
763 silly fetch manifest get-tsconfig@^4.7.5
764 silly packumentCache full:https://registry.npmjs.org/get-tsconfig cache-miss
765 http fetch GET 200 https://registry.npmjs.org/@rolldown%2fbinding-openharmony-arm64 268ms (cache miss)
766 silly packumentCache full:https://registry.npmjs.org/@rolldown%2fbinding-openharmony-arm64 set size:undefined disposed:false
767 silly fetch manifest fsevents@~2.3.3
768 silly packumentCache full:https://registry.npmjs.org/fsevents cache-miss
769 http fetch GET 200 https://registry.npmjs.org/@rolldown%2fbinding-linux-arm64-gnu 470ms (cache miss)
770 silly packumentCache full:https://registry.npmjs.org/@rolldown%2fbinding-linux-arm64-gnu set size:undefined disposed:false
771 http fetch GET 200 https://registry.npmjs.org/@rolldown%2fbinding-linux-arm64-musl 460ms (cache miss)
772 silly packumentCache full:https://registry.npmjs.org/@rolldown%2fbinding-linux-arm64-musl set size:undefined disposed:false
773 http fetch GET 200 https://registry.npmjs.org/@rolldown%2fbinding-win32-arm64-msvc 464ms (cache miss)
774 silly packumentCache full:https://registry.npmjs.org/@rolldown%2fbinding-win32-arm64-msvc set size:undefined disposed:false
775 http fetch GET 200 https://registry.npmjs.org/cookie-es 244ms (cache miss)
776 silly packumentCache full:https://registry.npmjs.org/cookie-es set size:undefined disposed:false
777 http fetch GET 200 https://registry.npmjs.org/@rolldown%2fbinding-linux-arm-gnueabihf 386ms (cache miss)
778 silly packumentCache full:https://registry.npmjs.org/@rolldown%2fbinding-linux-arm-gnueabihf set size:undefined disposed:false
779 http fetch GET 200 https://registry.npmjs.org/get-tsconfig 313ms (cache revalidated)
780 silly packumentCache full:https://registry.npmjs.org/get-tsconfig set size:106148 disposed:false
781 http fetch GET 200 https://registry.npmjs.org/fsevents 304ms (cache revalidated)
782 silly packumentCache full:https://registry.npmjs.org/fsevents set size:182472 disposed:false
783 silly placeDep node_modules/vercel async-retry@1.3.3 OK for: @vercel/blob@1.0.2 want: ^1.3.3
784 silly placeDep node_modules/vercel is-buffer@2.0.5 OK for: @vercel/blob@1.0.2 want: ^2.0.5
785 silly placeDep node_modules/vercel is-node-process@1.2.0 OK for: @vercel/blob@1.0.2 want: ^1.2.0
786 silly placeDep node_modules/vercel throttleit@2.1.0 OK for: @vercel/blob@1.0.2 want: ^2.1.0
787 silly placeDep node_modules/vercel undici@5.29.0 OK for: @vercel/blob@1.0.2 want: ^5.28.4
788 silly fetch manifest retry@0.13.1
789 silly packumentCache full:https://registry.npmjs.org/retry cache-miss
790 silly fetch manifest @fastify/busboy@^2.0.0
791 silly packumentCache full:https://registry.npmjs.org/@fastify%2fbusboy cache-miss
792 http fetch GET 200 https://registry.npmjs.org/retry 242ms (cache miss)
793 silly packumentCache full:https://registry.npmjs.org/retry set size:undefined disposed:false
794 http fetch GET 200 https://registry.npmjs.org/@fastify%2fbusboy 269ms (cache miss)
795 silly packumentCache full:https://registry.npmjs.org/@fastify%2fbusboy set size:undefined disposed:false
796 silly placeDep node_modules/vercel @vercel/static-config@3.1.2 OK for: @vercel/elysia@0.1.27 want: 3.1.2
797 silly fetch manifest ajv@8.6.3
798 silly packumentCache full:https://registry.npmjs.org/ajv cache-miss
799 silly fetch manifest json-schema-to-ts@1.6.4
800 silly packumentCache full:https://registry.npmjs.org/json-schema-to-ts cache-miss
801 http fetch GET 200 https://registry.npmjs.org/ajv 242ms (cache revalidated)
802 silly packumentCache full:https://registry.npmjs.org/ajv set size:1126055 disposed:false
803 http fetch GET 200 https://registry.npmjs.org/json-schema-to-ts 271ms (cache miss)
804 silly packumentCache full:https://registry.npmjs.org/json-schema-to-ts set size:undefined disposed:false
805 silly placeDep node_modules/vercel @vercel/cervel@0.0.12 OK for: @vercel/express@0.1.36 want: 0.0.12
806 silly placeDep node_modules/vercel/node_modules/@vercel/express @vercel/nft@1.1.1 OK for: @vercel/express@0.1.36 want: 1.1.1
807 silly placeDep node_modules/vercel ts-morph@12.0.0 OK for: @vercel/express@0.1.36 want: 12.0.0
808 silly fetch manifest @ts-morph/common@~0.11.0
809 silly packumentCache full:https://registry.npmjs.org/@ts-morph%2fcommon cache-miss
810 silly fetch manifest code-block-writer@^10.1.1
811 silly packumentCache full:https://registry.npmjs.org/code-block-writer cache-miss
812 http fetch GET 200 https://registry.npmjs.org/code-block-writer 266ms (cache miss)
813 silly packumentCache full:https://registry.npmjs.org/code-block-writer set size:undefined disposed:false
814 http fetch GET 200 https://registry.npmjs.org/@ts-morph%2fcommon 283ms (cache miss)
815 silly packumentCache full:https://registry.npmjs.org/@ts-morph%2fcommon set size:undefined disposed:false
816 silly fetch manifest encoding@^0.1.0
817 silly packumentCache full:https://registry.npmjs.org/encoding cache-miss
818 http fetch GET 200 https://registry.npmjs.org/encoding 225ms (cache revalidated)
819 silly packumentCache full:https://registry.npmjs.org/encoding set size:17833 disposed:false
820 silly placeDep node_modules/vercel @tootallnate/once@2.0.0 OK for: @vercel/fun@1.2.1 want: 2.0.0
821 silly placeDep node_modules/vercel async-listen@1.2.0 OK for: @vercel/fun@1.2.1 want: 1.2.0
822 silly placeDep node_modules/vercel debug@4.3.4 OK for: @vercel/fun@1.2.1 want: 4.3.4
823 silly placeDep node_modules/vercel generic-pool@3.4.2 OK for: @vercel/fun@1.2.1 want: 3.4.2
824 silly placeDep node_modules/vercel micro@9.3.5-canary.3 OK for: @vercel/fun@1.2.1 want: 9.3.5-canary.3
825 silly placeDep node_modules/vercel ms@2.1.1 OK for: @vercel/fun@1.2.1 want: 2.1.1
826 silly placeDep node_modules/vercel node-fetch@2.6.7 OK for: @vercel/fun@1.2.1 want: 2.6.7
827 silly placeDep node_modules/vercel/node_modules/@vercel/fun path-to-regexp@8.2.0 OK for: @vercel/fun@1.2.1 want: 8.2.0
828 silly placeDep node_modules/vercel promisepipe@3.0.0 OK for: @vercel/fun@1.2.1 want: 3.0.0
829 silly placeDep node_modules/vercel semver@7.5.4 OK for: @vercel/fun@1.2.1 want: 7.5.4
830 silly placeDep node_modules/vercel stat-mode@0.3.0 OK for: @vercel/fun@1.2.1 want: 0.3.0
831 silly placeDep node_modules/vercel stream-to-promise@2.2.0 OK for: @vercel/fun@1.2.1 want: 2.2.0
832 silly placeDep node_modules/vercel tar@6.2.1 OK for: @vercel/fun@1.2.1 want: 6.2.1
833 silly placeDep node_modules/vercel tinyexec@0.3.2 OK for: @vercel/fun@1.2.1 want: 0.3.2
834 silly placeDep node_modules/vercel tree-kill@1.2.2 OK for: @vercel/fun@1.2.1 want: 1.2.2
835 silly placeDep node_modules/vercel uid-promise@1.0.0 OK for: @vercel/fun@1.2.1 want: 1.0.0
836 silly placeDep node_modules/vercel xdg-app-paths@5.1.0 OK for: @vercel/fun@1.2.1 want: 5.1.0
837 silly placeDep node_modules/vercel yauzl-promise@2.1.3 OK for: @vercel/fun@1.2.1 want: 2.1.3
838 silly fetch manifest ms@2.1.2
839 silly packumentCache full:https://registry.npmjs.org/ms cache-hit
840 silly fetch manifest arg@4.1.0
841 silly packumentCache full:https://registry.npmjs.org/arg cache-miss
842 silly fetch manifest raw-body@2.4.1
843 silly packumentCache full:https://registry.npmjs.org/raw-body cache-miss
844 silly fetch manifest content-type@1.0.4
845 silly packumentCache full:https://registry.npmjs.org/content-type cache-miss
846 silly fetch manifest whatwg-url@^5.0.0
847 silly packumentCache full:https://registry.npmjs.org/whatwg-url cache-miss
848 silly fetch manifest lru-cache@^6.0.0
849 silly packumentCache full:https://registry.npmjs.org/lru-cache cache-miss
850 silly fetch manifest any-promise@~1.3.0
851 silly packumentCache full:https://registry.npmjs.org/any-promise cache-miss
852 silly fetch manifest end-of-stream@~1.1.0
853 silly packumentCache full:https://registry.npmjs.org/end-of-stream cache-miss
854 http fetch GET 200 https://registry.npmjs.org/arg 272ms (cache revalidated)
855 silly packumentCache full:https://registry.npmjs.org/arg set size:67204 disposed:false
856 silly fetch manifest stream-to-array@~2.3.0
857 silly packumentCache full:https://registry.npmjs.org/stream-to-array cache-miss
858 http fetch GET 200 https://registry.npmjs.org/end-of-stream 298ms (cache miss)
859 silly packumentCache full:https://registry.npmjs.org/end-of-stream set size:undefined disposed:false
860 silly fetch manifest chownr@^2.0.0
861 silly packumentCache full:https://registry.npmjs.org/chownr cache-miss
862 http fetch GET 200 https://registry.npmjs.org/content-type 318ms (cache miss)
863 silly packumentCache full:https://registry.npmjs.org/content-type set size:undefined disposed:false
864 silly fetch manifest mkdirp@^1.0.3
865 silly packumentCache full:https://registry.npmjs.org/mkdirp cache-miss
866 http fetch GET 200 https://registry.npmjs.org/raw-body 327ms (cache miss)
867 silly packumentCache full:https://registry.npmjs.org/raw-body set size:undefined disposed:false
868 silly fetch manifest yallist@^4.0.0
869 silly packumentCache full:https://registry.npmjs.org/yallist cache-miss
870 http fetch GET 200 https://registry.npmjs.org/any-promise 444ms (cache revalidated)
871 silly packumentCache full:https://registry.npmjs.org/any-promise set size:20233 disposed:false
872 silly fetch manifest minipass@^5.0.0
873 silly packumentCache full:https://registry.npmjs.org/minipass cache-miss
874 http fetch GET 200 https://registry.npmjs.org/whatwg-url 544ms (cache revalidated)
875 silly packumentCache full:https://registry.npmjs.org/whatwg-url set size:168036 disposed:false
876 silly fetch manifest minizlib@^2.1.1
877 silly packumentCache full:https://registry.npmjs.org/minizlib cache-miss
878 http fetch GET 200 https://registry.npmjs.org/lru-cache 558ms (cache revalidated)
879 silly packumentCache full:https://registry.npmjs.org/lru-cache set size:410669 disposed:false
880 silly fetch manifest fs-minipass@^2.0.0
881 silly packumentCache full:https://registry.npmjs.org/fs-minipass cache-miss
882 http fetch GET 200 https://registry.npmjs.org/stream-to-array 993ms (cache miss)
883 silly packumentCache full:https://registry.npmjs.org/stream-to-array set size:undefined disposed:false
884 silly fetch manifest xdg-portable@^7.0.0
885 silly packumentCache full:https://registry.npmjs.org/xdg-portable cache-miss
886 http fetch GET https://registry.npmjs.org/xdg-portable attempt 1 failed with ECONNRESET
887 http fetch GET 200 https://registry.npmjs.org/minipass 940ms (cache revalidated)
888 silly packumentCache full:https://registry.npmjs.org/minipass set size:490195 disposed:false
889 silly fetch manifest yauzl@^2.9.1
890 silly packumentCache full:https://registry.npmjs.org/yauzl cache-miss
891 http fetch GET 200 https://registry.npmjs.org/chownr 1112ms (cache miss)
892 silly packumentCache full:https://registry.npmjs.org/chownr set size:undefined disposed:false
893 silly fetch manifest yauzl-clone@^1.0.4
894 silly packumentCache full:https://registry.npmjs.org/yauzl-clone cache-miss
895 http fetch GET 200 https://registry.npmjs.org/yallist 1101ms (cache miss)
896 silly packumentCache full:https://registry.npmjs.org/yallist set size:undefined disposed:false
897 http fetch GET 200 https://registry.npmjs.org/fs-minipass 862ms (cache miss)
898 silly packumentCache full:https://registry.npmjs.org/fs-minipass set size:undefined disposed:false
899 http fetch GET 200 https://registry.npmjs.org/minizlib 883ms (cache miss)
900 silly packumentCache full:https://registry.npmjs.org/minizlib set size:undefined disposed:false
901 http fetch GET 200 https://registry.npmjs.org/mkdirp 1127ms (cache miss)
902 silly packumentCache full:https://registry.npmjs.org/mkdirp set size:undefined disposed:false
903 http fetch GET 200 https://registry.npmjs.org/yauzl-clone 895ms (cache miss)
904 silly packumentCache full:https://registry.npmjs.org/yauzl-clone set size:undefined disposed:false
905 http fetch GET 200 https://registry.npmjs.org/yauzl 922ms (cache miss)
906 silly packumentCache full:https://registry.npmjs.org/yauzl set size:undefined disposed:false
907 http fetch GET 200 https://registry.npmjs.org/xdg-portable 10355ms attempt #2 (cache miss)
908 silly packumentCache full:https://registry.npmjs.org/xdg-portable set size:undefined disposed:false
909 silly placeDep node_modules/vercel/node_modules/@vercel/hono @vercel/nft@1.1.1 OK for: @vercel/hono@0.2.30 want: 1.1.1
910 silly placeDep node_modules/vercel/node_modules/@vercel/next @vercel/nft@1.1.1 OK for: @vercel/next@4.15.21 want: 1.1.1
911 silly fetch manifest rollup@^1.20.0||^2.0.0||^3.0.0||^4.0.0
912 silly packumentCache full:https://registry.npmjs.org/rollup cache-miss
913 http fetch GET 200 https://registry.npmjs.org/rollup 454ms (cache miss)
914 silly packumentCache full:https://registry.npmjs.org/rollup set size:undefined disposed:false
915 silly placeDep node_modules/vercel @mapbox/node-pre-gyp@2.0.3 OK for: @vercel/nft@1.3.0 want: ^2.0.0
916 silly placeDep node_modules/vercel @rollup/pluginutils@5.3.0 OK for: @vercel/nft@1.3.0 want: ^5.1.3
917 silly placeDep node_modules/vercel acorn@8.15.0 OK for: @vercel/nft@1.3.0 want: ^8.6.0
918 silly placeDep node_modules/vercel acorn-import-attributes@1.9.5 OK for: @vercel/nft@1.3.0 want: ^1.9.5
919 silly placeDep node_modules/vercel async-sema@3.1.1 OK for: @vercel/nft@1.3.0 want: ^3.1.1
920 silly placeDep node_modules/vercel bindings@1.5.0 OK for: @vercel/nft@1.3.0 want: ^1.4.0
921 silly placeDep node_modules/vercel estree-walker@2.0.2 OK for: @vercel/nft@1.3.0 want: 2.0.2
922 silly placeDep node_modules/vercel glob@13.0.1 OK for: @vercel/nft@1.3.0 want: ^13.0.0
923 silly placeDep node_modules/vercel graceful-fs@4.2.11 OK for: @vercel/nft@1.3.0 want: ^4.2.9
924 silly placeDep node_modules/vercel node-gyp-build@4.8.4 OK for: @vercel/nft@1.3.0 want: ^4.2.2
925 silly placeDep node_modules/vercel picomatch@4.0.3 OK for: @vercel/nft@1.3.0 want: ^4.0.2
926 silly placeDep node_modules/vercel resolve-from@5.0.0 OK for: @vercel/nft@1.3.0 want: ^5.0.0
927 silly fetch manifest tar@^7.4.0
928 silly packumentCache full:https://registry.npmjs.org/tar cache-miss
929 silly fetch manifest nopt@^8.0.0
930 silly packumentCache full:https://registry.npmjs.org/nopt cache-miss
931 silly fetch manifest consola@^3.2.3
932 silly packumentCache full:https://registry.npmjs.org/consola cache-miss
933 silly fetch manifest detect-libc@^2.0.0
934 silly packumentCache full:https://registry.npmjs.org/detect-libc cache-miss
935 silly fetch manifest https-proxy-agent@^7.0.5
936 silly packumentCache full:https://registry.npmjs.org/https-proxy-agent cache-miss
937 silly fetch manifest @types/estree@^1.0.0
938 silly packumentCache full:https://registry.npmjs.org/@types%2festree cache-miss
939 silly fetch manifest estree-walker@^2.0.2
940 silly packumentCache full:https://registry.npmjs.org/estree-walker cache-hit
941 silly fetch manifest file-uri-to-path@1.0.0
942 silly packumentCache full:https://registry.npmjs.org/file-uri-to-path cache-miss
943 http cache https://registry.npmjs.org/tar 69ms (cache hit)
944 silly packumentCache full:https://registry.npmjs.org/tar set size:488580 disposed:false
945 silly fetch manifest minipass@^7.1.2
946 silly packumentCache full:https://registry.npmjs.org/minipass cache-hit
947 silly fetch manifest minimatch@^10.1.2
948 silly packumentCache full:https://registry.npmjs.org/minimatch cache-miss
949 http fetch GET 200 https://registry.npmjs.org/file-uri-to-path 314ms (cache miss)
950 silly packumentCache full:https://registry.npmjs.org/file-uri-to-path set size:undefined disposed:false
951 silly fetch manifest path-scurry@^2.0.0
952 silly packumentCache full:https://registry.npmjs.org/path-scurry cache-miss
953 http fetch GET 200 https://registry.npmjs.org/nopt 344ms (cache miss)
954 silly packumentCache full:https://registry.npmjs.org/nopt set size:undefined disposed:false
955 http fetch GET 200 https://registry.npmjs.org/https-proxy-agent 350ms (cache miss)
956 silly packumentCache full:https://registry.npmjs.org/https-proxy-agent set size:undefined disposed:false
957 http fetch GET 200 https://registry.npmjs.org/consola 377ms (cache miss)
958 silly packumentCache full:https://registry.npmjs.org/consola set size:undefined disposed:false
959 http fetch GET 200 https://registry.npmjs.org/@types%2festree 387ms (cache revalidated)
960 silly packumentCache full:https://registry.npmjs.org/@types%2festree set size:74091 disposed:false
961 http fetch GET 200 https://registry.npmjs.org/path-scurry 379ms (cache revalidated)
962 silly packumentCache full:https://registry.npmjs.org/path-scurry set size:115160 disposed:false
963 http fetch GET 200 https://registry.npmjs.org/detect-libc 930ms (cache revalidated)
964 silly packumentCache full:https://registry.npmjs.org/detect-libc set size:47861 disposed:false
965 http fetch GET 200 https://registry.npmjs.org/minimatch 878ms (cache revalidated)
966 silly packumentCache full:https://registry.npmjs.org/minimatch set size:306302 disposed:false
967 silly placeDep node_modules/vercel consola@3.4.2 OK for: @mapbox/node-pre-gyp@2.0.3 want: ^3.2.3
968 silly placeDep node_modules/vercel detect-libc@2.1.2 OK for: @mapbox/node-pre-gyp@2.0.3 want: ^2.0.0
969 silly placeDep node_modules/vercel https-proxy-agent@7.0.6 OK for: @mapbox/node-pre-gyp@2.0.3 want: ^7.0.5
970 silly placeDep node_modules/vercel nopt@8.1.0 OK for: @mapbox/node-pre-gyp@2.0.3 want: ^8.0.0
971 silly placeDep node_modules/vercel/node_modules/@mapbox/node-pre-gyp tar@7.5.7 OK for: @mapbox/node-pre-gyp@2.0.3 want: ^7.4.0
972 silly fetch manifest agent-base@^7.1.2
973 silly packumentCache full:https://registry.npmjs.org/agent-base cache-miss
974 silly fetch manifest abbrev@^3.0.0
975 silly packumentCache full:https://registry.npmjs.org/abbrev cache-miss
976 silly fetch manifest chownr@^3.0.0
977 silly packumentCache full:https://registry.npmjs.org/chownr cache-miss
978 silly fetch manifest yallist@^5.0.0
979 silly packumentCache full:https://registry.npmjs.org/yallist cache-miss
980 silly fetch manifest minizlib@^3.1.0
981 silly packumentCache full:https://registry.npmjs.org/minizlib cache-miss
982 silly fetch manifest @isaacs/fs-minipass@^4.0.0
983 silly packumentCache full:https://registry.npmjs.org/@isaacs%2ffs-minipass cache-miss
984 http cache https://registry.npmjs.org/minizlib 34ms (cache hit)
985 silly packumentCache full:https://registry.npmjs.org/minizlib set size:62862 disposed:false
986 http cache https://registry.npmjs.org/chownr 38ms (cache hit)
987 silly packumentCache full:https://registry.npmjs.org/chownr set size:22157 disposed:false
988 http cache https://registry.npmjs.org/yallist 40ms (cache hit)
989 silly packumentCache full:https://registry.npmjs.org/yallist set size:34610 disposed:false
990 http fetch GET 200 https://registry.npmjs.org/abbrev 345ms (cache miss)
991 silly packumentCache full:https://registry.npmjs.org/abbrev set size:undefined disposed:false
992 http fetch GET 200 https://registry.npmjs.org/agent-base 350ms (cache miss)
993 silly packumentCache full:https://registry.npmjs.org/agent-base set size:undefined disposed:false
994 http fetch GET 200 https://registry.npmjs.org/@isaacs%2ffs-minipass 358ms (cache miss)
995 silly packumentCache full:https://registry.npmjs.org/@isaacs%2ffs-minipass set size:undefined disposed:false
996 silly placeDep node_modules/vercel @types/estree@1.0.8 OK for: @rollup/pluginutils@5.3.0 want: ^1.0.0
997 silly fetch manifest @swc/core@>=1.2.50
998 silly packumentCache full:https://registry.npmjs.org/@swc%2fcore cache-miss
999 http fetch GET 200 https://registry.npmjs.org/@swc%2fcore 392ms (cache miss)
1000 silly packumentCache full:https://registry.npmjs.org/@swc%2fcore set size:undefined disposed:false
1001 silly fetch manifest @swc/helpers@>=0.5.17
1002 silly packumentCache full:https://registry.npmjs.org/@swc%2fhelpers cache-miss
1003 http fetch GET 200 https://registry.npmjs.org/@swc%2fhelpers 447ms (cache revalidated)
1004 silly packumentCache full:https://registry.npmjs.org/@swc%2fhelpers set size:655395 disposed:false
1005 silly fetch manifest @swc/wasm@>=1.2.50
1006 silly packumentCache full:https://registry.npmjs.org/@swc%2fwasm cache-miss
1007 http fetch GET 200 https://registry.npmjs.org/@swc%2fwasm 278ms (cache miss)
1008 silly packumentCache full:https://registry.npmjs.org/@swc%2fwasm set size:undefined disposed:false
1009 silly placeDep node_modules/vercel @edge-runtime/node-utils@2.3.0 OK for: @vercel/node@5.5.28 want: 2.3.0
1010 silly placeDep node_modules/vercel @edge-runtime/primitives@4.1.0 OK for: @vercel/node@5.5.28 want: 4.1.0
1011 silly placeDep node_modules/vercel @edge-runtime/vm@3.2.0 OK for: @vercel/node@5.5.28 want: 3.2.0
1012 silly placeDep node_modules/vercel @types/node@20.11.0 OK for: @vercel/node@5.5.28 want: 20.11.0
1013 silly placeDep node_modules/vercel @vercel/error-utils@2.0.3 OK for: @vercel/node@5.5.28 want: 2.0.3
1014 silly placeDep node_modules/vercel/node_modules/@vercel/node @vercel/nft@1.1.1 OK for: @vercel/node@5.5.28 want: 1.1.1
1015 silly placeDep node_modules/vercel/node_modules/@vercel/node async-listen@3.0.0 OK for: @vercel/node@5.5.28 want: 3.0.0
1016 silly placeDep node_modules/vercel cjs-module-lexer@1.2.3 OK for: @vercel/node@5.5.28 want: 1.2.3
1017 silly placeDep node_modules/vercel edge-runtime@2.5.9 OK for: @vercel/node@5.5.28 want: 2.5.9
1018 silly placeDep node_modules/vercel es-module-lexer@1.4.1 OK for: @vercel/node@5.5.28 want: 1.4.1
1019 silly placeDep node_modules/vercel etag@1.8.1 OK for: @vercel/node@5.5.28 want: 1.8.1
1020 silly placeDep node_modules/vercel mime-types@2.1.35 OK for: @vercel/node@5.5.28 want: 2.1.35
1021 silly placeDep node_modules/vercel/node_modules/@vercel/node node-fetch@2.6.9 OK for: @vercel/node@5.5.28 want: 2.6.9
1022 silly placeDep node_modules/vercel/node_modules/@vercel/node path-to-regexp@6.1.0 OK for: @vercel/node@5.5.28 want: 6.1.0
1023 silly placeDep node_modules/vercel path-to-regexp-updated@6.3.0 OK for: @vercel/node@5.5.28 want: npm:path-to-regexp@6.3.0
1024 silly placeDep node_modules/vercel ts-node@10.9.1 OK for: @vercel/node@5.5.28 want: 10.9.1
1025 silly placeDep node_modules/vercel/node_modules/@vercel/node typescript@4.9.5 OK for: @vercel/node@5.5.28 want: 4.9.5
1026 silly placeDep node_modules/vercel typescript5@5.9.3 OK for: @vercel/node@5.5.28 want: npm:typescript@5.9.3
1027 silly placeDep node_modules/vercel/node_modules/@vercel/node undici@5.28.4 OK for: @vercel/node@5.5.28 want: 5.28.4
1028 silly fetch manifest undici-types@~5.26.4
1029 silly packumentCache full:https://registry.npmjs.org/undici-types cache-miss
1030 silly fetch manifest mri@1.2.0
1031 silly packumentCache full:https://registry.npmjs.org/mri cache-miss
1032 silly fetch manifest pretty-ms@7.0.1
1033 silly packumentCache full:https://registry.npmjs.org/pretty-ms cache-miss
1034 silly fetch manifest time-span@4.0.0
1035 silly packumentCache full:https://registry.npmjs.org/time-span cache-miss
1036 silly fetch manifest picocolors@1.0.0
1037 silly packumentCache full:https://registry.npmjs.org/picocolors cache-miss
1038 silly fetch manifest signal-exit@4.0.2
1039 silly packumentCache full:https://registry.npmjs.org/signal-exit cache-hit
1040 silly fetch manifest async-listen@3.0.1
1041 silly packumentCache full:https://registry.npmjs.org/async-listen cache-hit
1042 silly fetch manifest @edge-runtime/format@2.2.1
1043 silly packumentCache full:https://registry.npmjs.org/@edge-runtime%2fformat cache-miss
1044 silly fetch manifest @edge-runtime/ponyfill@2.4.2
1045 silly packumentCache full:https://registry.npmjs.org/@edge-runtime%2fponyfill cache-miss
1046 http fetch GET 200 https://registry.npmjs.org/picocolors 228ms (cache revalidated)
1047 silly packumentCache full:https://registry.npmjs.org/picocolors set size:16648 disposed:false
1048 silly fetch manifest mime-db@1.52.0
1049 silly packumentCache full:https://registry.npmjs.org/mime-db cache-miss
1050 http fetch GET 200 https://registry.npmjs.org/undici-types 239ms (cache revalidated)
1051 silly packumentCache full:https://registry.npmjs.org/undici-types set size:167447 disposed:false
1052 silly fetch manifest yn@3.1.1
1053 silly packumentCache full:https://registry.npmjs.org/yn cache-miss
1054 http fetch GET 200 https://registry.npmjs.org/time-span 259ms (cache miss)
1055 silly packumentCache full:https://registry.npmjs.org/time-span set size:undefined disposed:false
1056 silly fetch manifest arg@^4.1.0
1057 silly packumentCache full:https://registry.npmjs.org/arg cache-hit
1058 silly fetch manifest diff@^4.0.1
1059 silly packumentCache full:https://registry.npmjs.org/diff cache-miss
1060 http fetch GET 200 https://registry.npmjs.org/pretty-ms 271ms (cache miss)
1061 silly packumentCache full:https://registry.npmjs.org/pretty-ms set size:undefined disposed:false
1062 silly fetch manifest acorn-walk@^8.1.1
1063 silly packumentCache full:https://registry.npmjs.org/acorn-walk cache-miss
1064 http fetch GET 200 https://registry.npmjs.org/mri 282ms (cache miss)
1065 silly packumentCache full:https://registry.npmjs.org/mri set size:undefined disposed:false
1066 silly fetch manifest make-error@^1.1.1
1067 silly packumentCache full:https://registry.npmjs.org/make-error cache-miss
1068 http fetch GET 200 https://registry.npmjs.org/@edge-runtime%2fformat 283ms (cache miss)
1069 silly packumentCache full:https://registry.npmjs.org/@edge-runtime%2fformat set size:undefined disposed:false
1070 silly fetch manifest create-require@^1.1.0
1071 silly packumentCache full:https://registry.npmjs.org/create-require cache-miss
1072 http fetch GET 200 https://registry.npmjs.org/@edge-runtime%2fponyfill 292ms (cache miss)
1073 silly packumentCache full:https://registry.npmjs.org/@edge-runtime%2fponyfill set size:undefined disposed:false
1074 silly fetch manifest @tsconfig/node10@^1.0.7
1075 silly packumentCache full:https://registry.npmjs.org/@tsconfig%2fnode10 cache-miss
1076 http fetch GET 200 https://registry.npmjs.org/yn 182ms (cache miss)
1077 silly packumentCache full:https://registry.npmjs.org/yn set size:undefined disposed:false
1078 silly fetch manifest @tsconfig/node12@^1.0.7
1079 silly packumentCache full:https://registry.npmjs.org/@tsconfig%2fnode12 cache-miss
1080 http fetch GET 200 https://registry.npmjs.org/diff 189ms (cache miss)
1081 silly packumentCache full:https://registry.npmjs.org/diff set size:undefined disposed:false
1082 silly fetch manifest @tsconfig/node14@^1.0.0
1083 silly packumentCache full:https://registry.npmjs.org/@tsconfig%2fnode14 cache-miss
1084 http fetch GET 200 https://registry.npmjs.org/mime-db 252ms (cache revalidated)
1085 silly packumentCache full:https://registry.npmjs.org/mime-db set size:164953 disposed:false
1086 silly fetch manifest @tsconfig/node16@^1.0.2
1087 silly packumentCache full:https://registry.npmjs.org/@tsconfig%2fnode16 cache-miss
1088 http fetch GET 200 https://registry.npmjs.org/create-require 204ms (cache miss)
1089 silly packumentCache full:https://registry.npmjs.org/create-require set size:undefined disposed:false
1090 silly fetch manifest v8-compile-cache-lib@^3.0.1
1091 silly packumentCache full:https://registry.npmjs.org/v8-compile-cache-lib cache-miss
1092 http fetch GET 200 https://registry.npmjs.org/acorn-walk 226ms (cache miss)
1093 silly packumentCache full:https://registry.npmjs.org/acorn-walk set size:undefined disposed:false
1094 silly fetch manifest @cspotcode/source-map-support@^0.8.0
1095 silly packumentCache full:https://registry.npmjs.org/@cspotcode%2fsource-map-support cache-miss
1096 http fetch GET 200 https://registry.npmjs.org/make-error 225ms (cache miss)
1097 silly packumentCache full:https://registry.npmjs.org/make-error set size:undefined disposed:false
1098 http fetch GET 200 https://registry.npmjs.org/@tsconfig%2fnode10 220ms (cache miss)
1099 silly packumentCache full:https://registry.npmjs.org/@tsconfig%2fnode10 set size:undefined disposed:false
1100 http fetch GET 200 https://registry.npmjs.org/@tsconfig%2fnode12 180ms (cache miss)
1101 silly packumentCache full:https://registry.npmjs.org/@tsconfig%2fnode12 set size:undefined disposed:false
1102 http fetch GET 200 https://registry.npmjs.org/@tsconfig%2fnode14 183ms (cache miss)
1103 silly packumentCache full:https://registry.npmjs.org/@tsconfig%2fnode14 set size:undefined disposed:false
1104 http fetch GET 200 https://registry.npmjs.org/v8-compile-cache-lib 163ms (cache miss)
1105 silly packumentCache full:https://registry.npmjs.org/v8-compile-cache-lib set size:undefined disposed:false
1106 http fetch GET 200 https://registry.npmjs.org/@tsconfig%2fnode16 184ms (cache miss)
1107 silly packumentCache full:https://registry.npmjs.org/@tsconfig%2fnode16 set size:undefined disposed:false
1108 http fetch GET 200 https://registry.npmjs.org/@cspotcode%2fsource-map-support 182ms (cache miss)
1109 silly packumentCache full:https://registry.npmjs.org/@cspotcode%2fsource-map-support set size:undefined disposed:false
1110 silly placeDep node_modules/vercel undici-types@5.26.5 OK for: @types/node@20.11.0 want: ~5.26.4
1111 silly placeDep node_modules/vercel/node_modules/@vercel/redwood @vercel/nft@1.1.1 OK for: @vercel/redwood@2.4.9 want: 1.1.1
1112 silly placeDep node_modules/vercel/node_modules/@vercel/redwood semver@6.3.1 OK for: @vercel/redwood@2.4.9 want: 6.3.1
1113 silly placeDep node_modules/vercel/node_modules/@vercel/remix-builder @vercel/nft@1.1.1 OK for: @vercel/remix-builder@5.5.10 want: 1.1.1
1114 silly placeDep node_modules/vercel/node_modules/@vercel/remix-builder path-to-regexp@6.1.0 OK for: @vercel/remix-builder@5.5.10 want: 6.1.0
1115 silly placeDep node_modules/vercel @iarna/toml@2.2.5 OK for: @vercel/rust@1.0.5 want: ^2.2.5
1116 silly placeDep node_modules/vercel/node_modules/@vercel/rust execa@5.1.1 OK for: @vercel/rust@1.0.5 want: 5
1117 silly fetch manifest onetime@^5.1.2
1118 silly packumentCache full:https://registry.npmjs.org/onetime cache-miss
1119 silly fetch manifest get-stream@^6.0.0
1120 silly packumentCache full:https://registry.npmjs.org/get-stream cache-miss
1121 silly fetch manifest cross-spawn@^7.0.3
1122 silly packumentCache full:https://registry.npmjs.org/cross-spawn cache-hit
1123 silly fetch manifest signal-exit@^3.0.3
1124 silly packumentCache full:https://registry.npmjs.org/signal-exit cache-hit
1125 silly fetch manifest npm-run-path@^4.0.1
1126 silly packumentCache full:https://registry.npmjs.org/npm-run-path cache-miss
1127 silly fetch manifest human-signals@^2.1.0
1128 silly packumentCache full:https://registry.npmjs.org/human-signals cache-miss
1129 http cache https://registry.npmjs.org/onetime 32ms (cache hit)
1130 silly packumentCache full:https://registry.npmjs.org/onetime set size:32314 disposed:false
1131 http cache https://registry.npmjs.org/get-stream 34ms (cache hit)
1132 silly packumentCache full:https://registry.npmjs.org/get-stream set size:57536 disposed:false
1133 http cache https://registry.npmjs.org/npm-run-path 34ms (cache hit)
1134 silly packumentCache full:https://registry.npmjs.org/npm-run-path set size:33596 disposed:false
1135 http cache https://registry.npmjs.org/human-signals 34ms (cache hit)
1136 silly packumentCache full:https://registry.npmjs.org/human-signals set size:47322 disposed:false
1137 silly placeDep node_modules/vercel @vercel/gatsby-plugin-vercel-analytics@1.0.11 OK for: @vercel/static-build@2.8.28 want: 1.0.11
1138 silly placeDep node_modules/vercel @vercel/gatsby-plugin-vercel-builder@2.0.127 OK for: @vercel/static-build@2.8.28 want: 2.0.127
1139 silly fetch manifest web-vitals@0.2.4
1140 silly packumentCache full:https://registry.npmjs.org/web-vitals cache-miss
1141 silly fetch manifest @sinclair/typebox@0.25.24
1142 silly packumentCache full:https://registry.npmjs.org/@sinclair%2ftypebox cache-miss
1143 http fetch GET 200 https://registry.npmjs.org/web-vitals 222ms (cache miss)
1144 silly packumentCache full:https://registry.npmjs.org/web-vitals set size:undefined disposed:false
1145 http fetch GET 200 https://registry.npmjs.org/@sinclair%2ftypebox 269ms (cache miss)
1146 silly packumentCache full:https://registry.npmjs.org/@sinclair%2ftypebox set size:undefined disposed:false
1147 silly placeDep node_modules/vercel web-vitals@0.2.4 OK for: @vercel/gatsby-plugin-vercel-analytics@1.0.11 want: 0.2.4
1148 silly placeDep node_modules/vercel @sinclair/typebox@0.25.24 OK for: @vercel/gatsby-plugin-vercel-builder@2.0.127 want: 0.25.24
1149 silly placeDep node_modules/vercel ajv@8.6.3 OK for: @vercel/static-config@3.1.2 want: 8.6.3
1150 silly placeDep node_modules/vercel json-schema-to-ts@1.6.4 OK for: @vercel/static-config@3.1.2 want: 1.6.4
1151 silly fetch manifest uri-js@^4.2.2
1152 silly packumentCache full:https://registry.npmjs.org/uri-js cache-miss
1153 silly fetch manifest fast-deep-equal@^3.1.1
1154 silly packumentCache full:https://registry.npmjs.org/fast-deep-equal cache-miss
1155 silly fetch manifest require-from-string@^2.0.2
1156 silly packumentCache full:https://registry.npmjs.org/require-from-string cache-miss
1157 silly fetch manifest json-schema-traverse@^1.0.0
1158 silly packumentCache full:https://registry.npmjs.org/json-schema-traverse cache-miss
1159 silly fetch manifest ts-toolbelt@^6.15.5
1160 silly packumentCache full:https://registry.npmjs.org/ts-toolbelt cache-miss
1161 silly fetch manifest @types/json-schema@^7.0.6
1162 silly packumentCache full:https://registry.npmjs.org/@types%2fjson-schema cache-miss
1163 http fetch GET 200 https://registry.npmjs.org/json-schema-traverse 265ms (cache revalidated)
1164 silly packumentCache full:https://registry.npmjs.org/json-schema-traverse set size:23537 disposed:false
1165 http fetch GET 200 https://registry.npmjs.org/fast-deep-equal 270ms (cache revalidated)
1166 silly packumentCache full:https://registry.npmjs.org/fast-deep-equal set size:48634 disposed:false
1167 http fetch GET 200 https://registry.npmjs.org/uri-js 274ms (cache revalidated)
1168 silly packumentCache full:https://registry.npmjs.org/uri-js set size:42559 disposed:false
1169 http fetch GET 200 https://registry.npmjs.org/require-from-string 285ms (cache miss)
1170 silly packumentCache full:https://registry.npmjs.org/require-from-string set size:undefined disposed:false
1171 http fetch GET 200 https://registry.npmjs.org/@types%2fjson-schema 290ms (cache miss)
1172 silly packumentCache full:https://registry.npmjs.org/@types%2fjson-schema set size:undefined disposed:false
1173 http fetch GET 200 https://registry.npmjs.org/ts-toolbelt 529ms (cache miss)
1174 silly packumentCache full:https://registry.npmjs.org/ts-toolbelt set size:undefined disposed:false
1175 silly placeDep node_modules/vercel fast-deep-equal@3.1.3 OK for: ajv@8.6.3 want: ^3.1.1
1176 silly placeDep node_modules/vercel json-schema-traverse@1.0.0 OK for: ajv@8.6.3 want: ^1.0.0
1177 silly placeDep node_modules/vercel require-from-string@2.0.2 OK for: ajv@8.6.3 want: ^2.0.2
1178 silly placeDep node_modules/vercel uri-js@4.4.1 OK for: ajv@8.6.3 want: ^4.2.2
1179 silly fetch manifest punycode@^2.1.0
1180 silly packumentCache full:https://registry.npmjs.org/punycode cache-miss
1181 http fetch GET 200 https://registry.npmjs.org/punycode 231ms (cache revalidated)
1182 silly packumentCache full:https://registry.npmjs.org/punycode set size:61302 disposed:false
1183 silly placeDep node_modules/vercel retry@0.13.1 OK for: async-retry@1.3.3 want: 0.13.1
1184 silly placeDep node_modules/vercel file-uri-to-path@1.0.0 OK for: bindings@1.5.0 want: 1.0.0
1185 silly placeDep node_modules/vercel readdirp@4.1.2 OK for: chokidar@4.0.0 want: ^4.0.1
1186 silly placeDep node_modules/vercel/node_modules/debug ms@2.1.2 OK for: debug@4.3.4 want: 2.1.2
1187 silly placeDep node_modules/vercel @edge-runtime/format@2.2.1 OK for: edge-runtime@2.5.9 want: 2.2.1
1188 silly placeDep node_modules/vercel @edge-runtime/ponyfill@2.4.2 OK for: edge-runtime@2.5.9 want: 2.4.2
1189 silly placeDep node_modules/vercel/node_modules/edge-runtime async-listen@3.0.1 OK for: edge-runtime@2.5.9 want: 3.0.1
1190 silly placeDep node_modules/vercel mri@1.2.0 OK for: edge-runtime@2.5.9 want: 1.2.0
1191 silly placeDep node_modules/vercel picocolors@1.0.0 OK for: edge-runtime@2.5.9 want: 1.0.0
1192 silly placeDep node_modules/vercel pretty-ms@7.0.1 OK for: edge-runtime@2.5.9 want: 7.0.1
1193 silly placeDep node_modules/vercel signal-exit@4.0.2 OK for: edge-runtime@2.5.9 want: 4.0.2
1194 silly placeDep node_modules/vercel time-span@4.0.0 OK for: edge-runtime@2.5.9 want: 4.0.0
1195 silly fetch manifest parse-ms@^2.1.0
1196 silly packumentCache full:https://registry.npmjs.org/parse-ms cache-miss
1197 silly fetch manifest convert-hrtime@^3.0.0
1198 silly packumentCache full:https://registry.npmjs.org/convert-hrtime cache-miss
1199 http fetch GET 200 https://registry.npmjs.org/convert-hrtime 300ms (cache miss)
1200 silly packumentCache full:https://registry.npmjs.org/convert-hrtime set size:undefined disposed:false
1201 http fetch GET 200 https://registry.npmjs.org/parse-ms 304ms (cache miss)
1202 silly packumentCache full:https://registry.npmjs.org/parse-ms set size:undefined disposed:false
1203 silly placeDep node_modules/vercel @esbuild/aix-ppc64@0.27.0 OK for: esbuild@0.27.0 want: 0.27.0
1204 silly placeDep node_modules/vercel @esbuild/android-arm@0.27.0 OK for: esbuild@0.27.0 want: 0.27.0
1205 silly placeDep node_modules/vercel @esbuild/android-arm64@0.27.0 OK for: esbuild@0.27.0 want: 0.27.0
1206 silly placeDep node_modules/vercel @esbuild/android-x64@0.27.0 OK for: esbuild@0.27.0 want: 0.27.0
1207 silly placeDep node_modules/vercel @esbuild/darwin-arm64@0.27.0 OK for: esbuild@0.27.0 want: 0.27.0
1208 silly placeDep node_modules/vercel @esbuild/darwin-x64@0.27.0 OK for: esbuild@0.27.0 want: 0.27.0
1209 silly placeDep node_modules/vercel @esbuild/freebsd-arm64@0.27.0 OK for: esbuild@0.27.0 want: 0.27.0
1210 silly placeDep node_modules/vercel @esbuild/freebsd-x64@0.27.0 OK for: esbuild@0.27.0 want: 0.27.0
1211 silly placeDep node_modules/vercel @esbuild/linux-arm@0.27.0 OK for: esbuild@0.27.0 want: 0.27.0
1212 silly placeDep node_modules/vercel @esbuild/linux-arm64@0.27.0 OK for: esbuild@0.27.0 want: 0.27.0
1213 silly placeDep node_modules/vercel @esbuild/linux-ia32@0.27.0 OK for: esbuild@0.27.0 want: 0.27.0
1214 silly placeDep node_modules/vercel @esbuild/linux-loong64@0.27.0 OK for: esbuild@0.27.0 want: 0.27.0
1215 silly placeDep node_modules/vercel @esbuild/linux-mips64el@0.27.0 OK for: esbuild@0.27.0 want: 0.27.0
1216 silly placeDep node_modules/vercel @esbuild/linux-ppc64@0.27.0 OK for: esbuild@0.27.0 want: 0.27.0
1217 silly placeDep node_modules/vercel @esbuild/linux-riscv64@0.27.0 OK for: esbuild@0.27.0 want: 0.27.0
1218 silly placeDep node_modules/vercel @esbuild/linux-s390x@0.27.0 OK for: esbuild@0.27.0 want: 0.27.0
1219 silly placeDep node_modules/vercel @esbuild/linux-x64@0.27.0 OK for: esbuild@0.27.0 want: 0.27.0
1220 silly placeDep node_modules/vercel @esbuild/netbsd-arm64@0.27.0 OK for: esbuild@0.27.0 want: 0.27.0
1221 silly placeDep node_modules/vercel @esbuild/netbsd-x64@0.27.0 OK for: esbuild@0.27.0 want: 0.27.0
1222 silly placeDep node_modules/vercel @esbuild/openbsd-arm64@0.27.0 OK for: esbuild@0.27.0 want: 0.27.0
1223 silly placeDep node_modules/vercel @esbuild/openbsd-x64@0.27.0 OK for: esbuild@0.27.0 want: 0.27.0
1224 silly placeDep node_modules/vercel @esbuild/openharmony-arm64@0.27.0 OK for: esbuild@0.27.0 want: 0.27.0
1225 silly placeDep node_modules/vercel @esbuild/sunos-x64@0.27.0 OK for: esbuild@0.27.0 want: 0.27.0
1226 silly placeDep node_modules/vercel @esbuild/win32-arm64@0.27.0 OK for: esbuild@0.27.0 want: 0.27.0
1227 silly placeDep node_modules/vercel @esbuild/win32-ia32@0.27.0 OK for: esbuild@0.27.0 want: 0.27.0
1228 silly placeDep node_modules/vercel @esbuild/win32-x64@0.27.0 OK for: esbuild@0.27.0 want: 0.27.0
1229 silly placeDep node_modules/vercel cross-spawn@7.0.6 OK for: execa@3.2.0 want: ^7.0.0
1230 silly placeDep node_modules/vercel get-stream@5.2.0 OK for: execa@3.2.0 want: ^5.0.0
1231 silly placeDep node_modules/vercel human-signals@1.1.1 OK for: execa@3.2.0 want: ^1.1.1
1232 silly placeDep node_modules/vercel is-stream@2.0.1 OK for: execa@3.2.0 want: ^2.0.0
1233 silly placeDep node_modules/vercel merge-stream@2.0.0 OK for: execa@3.2.0 want: ^2.0.0
1234 silly placeDep node_modules/vercel npm-run-path@4.0.1 OK for: execa@3.2.0 want: ^4.0.0
1235 silly placeDep node_modules/vercel onetime@5.1.2 OK for: execa@3.2.0 want: ^5.1.0
1236 silly placeDep node_modules/vercel p-finally@2.0.1 OK for: execa@3.2.0 want: ^2.0.0
1237 silly placeDep node_modules/vercel/node_modules/execa signal-exit@3.0.7 OK for: execa@3.2.0 want: ^3.0.2
1238 silly placeDep node_modules/vercel strip-final-newline@2.0.0 OK for: execa@3.2.0 want: ^2.0.0
1239 silly fetch manifest which@^2.0.1
1240 silly packumentCache full:https://registry.npmjs.org/which cache-miss
1241 silly fetch manifest path-key@^3.1.0
1242 silly packumentCache full:https://registry.npmjs.org/path-key cache-miss
1243 silly fetch manifest shebang-command@^2.0.0
1244 silly packumentCache full:https://registry.npmjs.org/shebang-command cache-miss
1245 silly fetch manifest pump@^3.0.0
1246 silly packumentCache full:https://registry.npmjs.org/pump cache-miss
1247 silly fetch manifest path-key@^3.0.0
1248 silly packumentCache full:https://registry.npmjs.org/path-key cache-miss
1249 silly fetch manifest mimic-fn@^2.1.0
1250 silly packumentCache full:https://registry.npmjs.org/mimic-fn cache-miss
1251 http fetch GET 200 https://registry.npmjs.org/shebang-command 285ms (cache revalidated)
1252 silly packumentCache full:https://registry.npmjs.org/shebang-command set size:8525 disposed:false
1253 http fetch GET 200 https://registry.npmjs.org/which 287ms (cache revalidated)
1254 silly packumentCache full:https://registry.npmjs.org/which set size:65264 disposed:false
1255 http fetch GET 200 https://registry.npmjs.org/path-key 292ms (cache revalidated)
1256 silly packumentCache full:https://registry.npmjs.org/path-key set size:16975 disposed:false
1257 http fetch GET 200 https://registry.npmjs.org/path-key 294ms (cache revalidated)
1258 silly packumentCache full:https://registry.npmjs.org/path-key set size:16975 disposed:false
1259 silly packumentCache full:https://registry.npmjs.org/path-key dispose
1260 http fetch GET 200 https://registry.npmjs.org/pump 301ms (cache miss)
1261 silly packumentCache full:https://registry.npmjs.org/pump set size:undefined disposed:false
1262 http fetch GET 200 https://registry.npmjs.org/mimic-fn 304ms (cache miss)
1263 silly packumentCache full:https://registry.npmjs.org/mimic-fn set size:undefined disposed:false
1264 silly placeDep node_modules/vercel path-key@3.1.1 OK for: cross-spawn@7.0.6 want: ^3.1.0
1265 silly placeDep node_modules/vercel shebang-command@2.0.0 OK for: cross-spawn@7.0.6 want: ^2.0.0
1266 silly placeDep node_modules/vercel which@2.0.2 OK for: cross-spawn@7.0.6 want: ^2.0.1
1267 silly fetch manifest shebang-regex@^3.0.0
1268 silly packumentCache full:https://registry.npmjs.org/shebang-regex cache-miss
1269 silly fetch manifest isexe@^2.0.0
1270 silly packumentCache full:https://registry.npmjs.org/isexe cache-miss
1271 http fetch GET 200 https://registry.npmjs.org/isexe 258ms (cache revalidated)
1272 silly packumentCache full:https://registry.npmjs.org/isexe set size:19340 disposed:false
1273 http fetch GET 200 https://registry.npmjs.org/shebang-regex 262ms (cache revalidated)
1274 silly packumentCache full:https://registry.npmjs.org/shebang-regex set size:9763 disposed:false
1275 silly placeDep node_modules/vercel asynckit@0.4.0 OK for: form-data@4.0.5 want: ^0.4.0
1276 silly placeDep node_modules/vercel combined-stream@1.0.8 OK for: form-data@4.0.5 want: ^1.0.8
1277 silly placeDep node_modules/vercel es-set-tostringtag@2.1.0 OK for: form-data@4.0.5 want: ^2.1.0
1278 silly placeDep node_modules/vercel hasown@2.0.2 OK for: form-data@4.0.5 want: ^2.0.2
1279 silly fetch manifest delayed-stream@~1.0.0
1280 silly packumentCache full:https://registry.npmjs.org/delayed-stream cache-miss
1281 silly fetch manifest es-errors@^1.3.0
1282 silly packumentCache full:https://registry.npmjs.org/es-errors cache-miss
1283 silly fetch manifest get-intrinsic@^1.2.6
1284 silly packumentCache full:https://registry.npmjs.org/get-intrinsic cache-miss
1285 silly fetch manifest has-tostringtag@^1.0.2
1286 silly packumentCache full:https://registry.npmjs.org/has-tostringtag cache-miss
1287 silly fetch manifest function-bind@^1.1.2
1288 silly packumentCache full:https://registry.npmjs.org/function-bind cache-miss
1289 http fetch GET 200 https://registry.npmjs.org/delayed-stream 301ms (cache revalidated)
1290 silly packumentCache full:https://registry.npmjs.org/delayed-stream set size:15820 disposed:false
1291 http fetch GET 200 https://registry.npmjs.org/function-bind 299ms (cache revalidated)
1292 silly packumentCache full:https://registry.npmjs.org/function-bind set size:15733 disposed:false
1293 http fetch GET 200 https://registry.npmjs.org/has-tostringtag 303ms (cache revalidated)
1294 silly packumentCache full:https://registry.npmjs.org/has-tostringtag set size:13945 disposed:false
1295 http fetch GET 200 https://registry.npmjs.org/get-intrinsic 309ms (cache revalidated)
1296 silly packumentCache full:https://registry.npmjs.org/get-intrinsic set size:60985 disposed:false
1297 http fetch GET 200 https://registry.npmjs.org/es-errors 315ms (cache revalidated)
1298 silly packumentCache full:https://registry.npmjs.org/es-errors set size:16918 disposed:false
1299 silly placeDep node_modules/vercel delayed-stream@1.0.0 OK for: combined-stream@1.0.8 want: ~1.0.0
1300 silly placeDep node_modules/vercel es-errors@1.3.0 OK for: es-set-tostringtag@2.1.0 want: ^1.3.0
1301 silly placeDep node_modules/vercel get-intrinsic@1.3.0 OK for: es-set-tostringtag@2.1.0 want: ^1.2.6
1302 silly placeDep node_modules/vercel has-tostringtag@1.0.2 OK for: es-set-tostringtag@2.1.0 want: ^1.0.2
1303 silly fetch manifest gopd@^1.2.0
1304 silly packumentCache full:https://registry.npmjs.org/gopd cache-miss
1305 silly fetch manifest get-proto@^1.0.1
1306 silly packumentCache full:https://registry.npmjs.org/get-proto cache-miss
1307 silly fetch manifest has-symbols@^1.1.0
1308 silly packumentCache full:https://registry.npmjs.org/has-symbols cache-miss
1309 silly fetch manifest es-object-atoms@^1.1.1
1310 silly packumentCache full:https://registry.npmjs.org/es-object-atoms cache-miss
1311 silly fetch manifest math-intrinsics@^1.1.0
1312 silly packumentCache full:https://registry.npmjs.org/math-intrinsics cache-miss
1313 silly fetch manifest es-define-property@^1.0.1
1314 silly packumentCache full:https://registry.npmjs.org/es-define-property cache-miss
1315 silly fetch manifest call-bind-apply-helpers@^1.0.2
1316 silly packumentCache full:https://registry.npmjs.org/call-bind-apply-helpers cache-miss
1317 http fetch GET 200 https://registry.npmjs.org/es-object-atoms 318ms (cache revalidated)
1318 silly packumentCache full:https://registry.npmjs.org/es-object-atoms set size:15304 disposed:false
1319 silly fetch manifest has-symbols@^1.0.3
1320 silly packumentCache full:https://registry.npmjs.org/has-symbols cache-miss
1321 http fetch GET 200 https://registry.npmjs.org/has-symbols 325ms (cache revalidated)
1322 silly packumentCache full:https://registry.npmjs.org/has-symbols set size:21550 disposed:false
1323 http fetch GET 200 https://registry.npmjs.org/gopd 329ms (cache revalidated)
1324 silly packumentCache full:https://registry.npmjs.org/gopd set size:11458 disposed:false
1325 http fetch GET 200 https://registry.npmjs.org/math-intrinsics 328ms (cache revalidated)
1326 silly packumentCache full:https://registry.npmjs.org/math-intrinsics set size:9265 disposed:false
1327 http fetch GET 200 https://registry.npmjs.org/call-bind-apply-helpers 331ms (cache revalidated)
1328 silly packumentCache full:https://registry.npmjs.org/call-bind-apply-helpers set size:12744 disposed:false
1329 http fetch GET 200 https://registry.npmjs.org/es-define-property 340ms (cache revalidated)
1330 silly packumentCache full:https://registry.npmjs.org/es-define-property set size:8542 disposed:false
1331 http fetch GET 200 https://registry.npmjs.org/get-proto 347ms (cache revalidated)
1332 silly packumentCache full:https://registry.npmjs.org/get-proto set size:8300 disposed:false
1333 http cache https://registry.npmjs.org/has-symbols 35ms (cache hit)
1334 silly packumentCache full:https://registry.npmjs.org/has-symbols set size:21550 disposed:false
1335 silly packumentCache full:https://registry.npmjs.org/has-symbols dispose
1336 silly placeDep node_modules/vercel jsonfile@6.2.0 OK for: fs-extra@11.1.0 want: ^6.0.1
1337 silly placeDep node_modules/vercel universalify@2.0.1 OK for: fs-extra@11.1.0 want: ^2.0.0
1338 silly placeDep node_modules/vercel call-bind-apply-helpers@1.0.2 OK for: get-intrinsic@1.3.0 want: ^1.0.2
1339 silly placeDep node_modules/vercel es-define-property@1.0.1 OK for: get-intrinsic@1.3.0 want: ^1.0.1
1340 silly placeDep node_modules/vercel es-object-atoms@1.1.1 OK for: get-intrinsic@1.3.0 want: ^1.1.1
1341 silly placeDep node_modules/vercel function-bind@1.1.2 OK for: get-intrinsic@1.3.0 want: ^1.1.2
1342 silly placeDep node_modules/vercel get-proto@1.0.1 OK for: get-intrinsic@1.3.0 want: ^1.0.1
1343 silly placeDep node_modules/vercel gopd@1.2.0 OK for: get-intrinsic@1.3.0 want: ^1.2.0
1344 silly placeDep node_modules/vercel has-symbols@1.1.0 OK for: get-intrinsic@1.3.0 want: ^1.1.0
1345 silly placeDep node_modules/vercel math-intrinsics@1.1.0 OK for: get-intrinsic@1.3.0 want: ^1.1.0
1346 silly fetch manifest dunder-proto@^1.0.1
1347 silly packumentCache full:https://registry.npmjs.org/dunder-proto cache-miss
1348 http fetch GET 200 https://registry.npmjs.org/dunder-proto 246ms (cache revalidated)
1349 silly packumentCache full:https://registry.npmjs.org/dunder-proto set size:8256 disposed:false
1350 silly placeDep node_modules/vercel dunder-proto@1.0.1 OK for: get-proto@1.0.1 want: ^1.0.1
1351 silly placeDep node_modules/vercel pump@3.0.3 OK for: get-stream@5.2.0 want: ^3.0.0
1352 silly fetch manifest end-of-stream@^1.1.0
1353 silly packumentCache full:https://registry.npmjs.org/end-of-stream cache-miss
1354 silly fetch manifest once@^1.3.1
1355 silly packumentCache full:https://registry.npmjs.org/once cache-miss
1356 http cache https://registry.npmjs.org/end-of-stream 27ms (cache hit)
1357 silly packumentCache full:https://registry.npmjs.org/end-of-stream set size:27842 disposed:false
1358 http fetch GET 200 https://registry.npmjs.org/once 308ms (cache revalidated)
1359 silly packumentCache full:https://registry.npmjs.org/once set size:11768 disposed:false
1360 silly placeDep node_modules/vercel minimatch@10.1.2 OK for: glob@13.0.1 want: ^10.1.2
1361 silly placeDep node_modules/vercel minipass@7.1.2 OK for: glob@13.0.1 want: ^7.1.2
1362 silly placeDep node_modules/vercel path-scurry@2.0.1 OK for: glob@13.0.1 want: ^2.0.0
1363 silly fetch manifest @isaacs/brace-expansion@^5.0.1
1364 silly packumentCache full:https://registry.npmjs.org/@isaacs%2fbrace-expansion cache-miss
1365 silly fetch manifest lru-cache@^11.0.0
1366 silly packumentCache full:https://registry.npmjs.org/lru-cache cache-hit
1367 http fetch GET 200 https://registry.npmjs.org/@isaacs%2fbrace-expansion 370ms (cache miss)
1368 silly packumentCache full:https://registry.npmjs.org/@isaacs%2fbrace-expansion set size:undefined disposed:false
1369 silly placeDep node_modules/vercel agent-base@7.1.4 OK for: https-proxy-agent@7.0.6 want: ^7.1.2
1370 silly placeDep node_modules/vercel @types/json-schema@7.0.15 OK for: json-schema-to-ts@1.6.4 want: ^7.0.6
1371 silly placeDep node_modules/vercel ts-toolbelt@6.15.5 OK for: json-schema-to-ts@1.6.4 want: ^6.15.5
1372 silly placeDep node_modules/vercel arg@4.1.0 OK for: micro@9.3.5-canary.3 want: 4.1.0
1373 silly placeDep node_modules/vercel content-type@1.0.4 OK for: micro@9.3.5-canary.3 want: 1.0.4
1374 silly placeDep node_modules/vercel raw-body@2.4.1 OK for: micro@9.3.5-canary.3 want: 2.4.1
1375 silly fetch manifest bytes@3.1.0
1376 silly packumentCache full:https://registry.npmjs.org/bytes cache-miss
1377 silly fetch manifest unpipe@1.0.0
1378 silly packumentCache full:https://registry.npmjs.org/unpipe cache-miss
1379 silly fetch manifest iconv-lite@0.4.24
1380 silly packumentCache full:https://registry.npmjs.org/iconv-lite cache-miss
1381 silly fetch manifest http-errors@1.7.3
1382 silly packumentCache full:https://registry.npmjs.org/http-errors cache-miss
1383 http fetch GET 200 https://registry.npmjs.org/unpipe 209ms (cache miss)
1384 silly packumentCache full:https://registry.npmjs.org/unpipe set size:undefined disposed:false
1385 http fetch GET 200 https://registry.npmjs.org/http-errors 220ms (cache miss)
1386 silly packumentCache full:https://registry.npmjs.org/http-errors set size:undefined disposed:false
1387 http fetch GET 200 https://registry.npmjs.org/bytes 227ms (cache miss)
1388 silly packumentCache full:https://registry.npmjs.org/bytes set size:undefined disposed:false
1389 http fetch GET 200 https://registry.npmjs.org/iconv-lite 230ms (cache miss)
1390 silly packumentCache full:https://registry.npmjs.org/iconv-lite set size:undefined disposed:false
1391 silly placeDep node_modules/vercel mime-db@1.52.0 OK for: mime-types@2.1.35 want: 1.52.0
1392 silly placeDep node_modules/vercel @isaacs/brace-expansion@5.0.1 OK for: minimatch@10.1.2 want: ^5.0.1
1393 silly fetch manifest @isaacs/balanced-match@^4.0.1
1394 silly packumentCache full:https://registry.npmjs.org/@isaacs%2fbalanced-match cache-miss
1395 http fetch GET 200 https://registry.npmjs.org/@isaacs%2fbalanced-match 283ms (cache miss)
1396 silly packumentCache full:https://registry.npmjs.org/@isaacs%2fbalanced-match set size:undefined disposed:false
1397 silly placeDep node_modules/vercel @isaacs/balanced-match@4.0.1 OK for: @isaacs/brace-expansion@5.0.1 want: ^4.0.1
1398 silly placeDep node_modules/vercel whatwg-url@5.0.0 OK for: node-fetch@2.6.7 want: ^5.0.0
1399 silly fetch manifest tr46@~0.0.3
1400 silly packumentCache full:https://registry.npmjs.org/tr46 cache-miss
1401 silly fetch manifest webidl-conversions@^3.0.0
1402 silly packumentCache full:https://registry.npmjs.org/webidl-conversions cache-miss
1403 http fetch GET 200 https://registry.npmjs.org/webidl-conversions 343ms (cache revalidated)
1404 silly packumentCache full:https://registry.npmjs.org/webidl-conversions set size:46073 disposed:false
1405 http fetch GET 200 https://registry.npmjs.org/tr46 350ms (cache revalidated)
1406 silly packumentCache full:https://registry.npmjs.org/tr46 set size:47377 disposed:false
1407 silly placeDep node_modules/vercel abbrev@3.0.1 OK for: nopt@8.1.0 want: ^3.0.0
1408 silly placeDep node_modules/vercel mimic-fn@2.1.0 OK for: onetime@5.1.2 want: ^2.1.0
1409 silly placeDep node_modules/vercel @oxc-transform/binding-android-arm-eabi@0.111.0 OK for: oxc-transform@0.111.0 want: 0.111.0
1410 silly placeDep node_modules/vercel @oxc-transform/binding-android-arm64@0.111.0 OK for: oxc-transform@0.111.0 want: 0.111.0
1411 silly placeDep node_modules/vercel @oxc-transform/binding-darwin-arm64@0.111.0 OK for: oxc-transform@0.111.0 want: 0.111.0
1412 silly placeDep node_modules/vercel @oxc-transform/binding-darwin-x64@0.111.0 OK for: oxc-transform@0.111.0 want: 0.111.0
1413 silly placeDep node_modules/vercel @oxc-transform/binding-freebsd-x64@0.111.0 OK for: oxc-transform@0.111.0 want: 0.111.0
1414 silly placeDep node_modules/vercel @oxc-transform/binding-linux-arm-gnueabihf@0.111.0 OK for: oxc-transform@0.111.0 want: 0.111.0
1415 silly placeDep node_modules/vercel @oxc-transform/binding-linux-arm-musleabihf@0.111.0 OK for: oxc-transform@0.111.0 want: 0.111.0
1416 silly placeDep node_modules/vercel @oxc-transform/binding-linux-arm64-gnu@0.111.0 OK for: oxc-transform@0.111.0 want: 0.111.0
1417 silly placeDep node_modules/vercel @oxc-transform/binding-linux-arm64-musl@0.111.0 OK for: oxc-transform@0.111.0 want: 0.111.0
1418 silly placeDep node_modules/vercel @oxc-transform/binding-linux-ppc64-gnu@0.111.0 OK for: oxc-transform@0.111.0 want: 0.111.0
1419 silly placeDep node_modules/vercel @oxc-transform/binding-linux-riscv64-gnu@0.111.0 OK for: oxc-transform@0.111.0 want: 0.111.0
1420 silly placeDep node_modules/vercel @oxc-transform/binding-linux-riscv64-musl@0.111.0 OK for: oxc-transform@0.111.0 want: 0.111.0
1421 silly placeDep node_modules/vercel @oxc-transform/binding-linux-s390x-gnu@0.111.0 OK for: oxc-transform@0.111.0 want: 0.111.0
1422 silly placeDep node_modules/vercel @oxc-transform/binding-linux-x64-gnu@0.111.0 OK for: oxc-transform@0.111.0 want: 0.111.0
1423 silly placeDep node_modules/vercel @oxc-transform/binding-linux-x64-musl@0.111.0 OK for: oxc-transform@0.111.0 want: 0.111.0
1424 silly placeDep node_modules/vercel @oxc-transform/binding-openharmony-arm64@0.111.0 OK for: oxc-transform@0.111.0 want: 0.111.0
1425 silly placeDep node_modules/vercel @oxc-transform/binding-wasm32-wasi@0.111.0 OK for: oxc-transform@0.111.0 want: 0.111.0
1426 silly placeDep node_modules/vercel @oxc-transform/binding-win32-arm64-msvc@0.111.0 OK for: oxc-transform@0.111.0 want: 0.111.0
1427 silly placeDep node_modules/vercel @oxc-transform/binding-win32-ia32-msvc@0.111.0 OK for: oxc-transform@0.111.0 want: 0.111.0
1428 silly placeDep node_modules/vercel @oxc-transform/binding-win32-x64-msvc@0.111.0 OK for: oxc-transform@0.111.0 want: 0.111.0
1429 silly fetch manifest @napi-rs/wasm-runtime@^1.1.1
1430 silly packumentCache full:https://registry.npmjs.org/@napi-rs%2fwasm-runtime cache-miss
1431 http fetch GET 200 https://registry.npmjs.org/@napi-rs%2fwasm-runtime 264ms (cache revalidated)
1432 silly packumentCache full:https://registry.npmjs.org/@napi-rs%2fwasm-runtime set size:63456 disposed:false
1433 silly placeDep node_modules/vercel @napi-rs/wasm-runtime@1.1.1 OK for: @oxc-transform/binding-wasm32-wasi@0.111.0 want: ^1.1.1
1434 silly fetch manifest @emnapi/core@^1.7.1
1435 silly packumentCache full:https://registry.npmjs.org/@emnapi%2fcore cache-miss
1436 silly fetch manifest @emnapi/runtime@^1.7.1
1437 silly packumentCache full:https://registry.npmjs.org/@emnapi%2fruntime cache-miss
1438 silly fetch manifest @tybys/wasm-util@^0.10.1
1439 silly packumentCache full:https://registry.npmjs.org/@tybys%2fwasm-util cache-miss
1440 http fetch GET 200 https://registry.npmjs.org/@emnapi%2fruntime 236ms (cache revalidated)
1441 silly packumentCache full:https://registry.npmjs.org/@emnapi%2fruntime set size:99452 disposed:false
1442 http fetch GET 200 https://registry.npmjs.org/@tybys%2fwasm-util 247ms (cache revalidated)
1443 silly packumentCache full:https://registry.npmjs.org/@tybys%2fwasm-util set size:55410 disposed:false
1444 http fetch GET 200 https://registry.npmjs.org/@emnapi%2fcore 498ms (cache revalidated)
1445 silly packumentCache full:https://registry.npmjs.org/@emnapi%2fcore set size:96861 disposed:false
1446 silly placeDep node_modules/vercel @emnapi/core@1.8.1 OK for: @napi-rs/wasm-runtime@1.1.1 want: ^1.7.1
1447 silly placeDep node_modules/vercel @emnapi/runtime@1.8.1 OK for: @napi-rs/wasm-runtime@1.1.1 want: ^1.7.1
1448 silly placeDep node_modules/vercel @tybys/wasm-util@0.10.1 OK for: @napi-rs/wasm-runtime@1.1.1 want: ^0.10.1
1449 silly fetch manifest @emnapi/wasi-threads@1.1.0
1450 silly packumentCache full:https://registry.npmjs.org/@emnapi%2fwasi-threads cache-miss
1451 silly fetch manifest tslib@^2.4.0
1452 silly packumentCache full:https://registry.npmjs.org/tslib cache-miss
1453 silly fetch manifest tslib@^2.4.0
1454 silly packumentCache full:https://registry.npmjs.org/tslib cache-miss
1455 silly fetch manifest tslib@^2.4.0
1456 silly packumentCache full:https://registry.npmjs.org/tslib cache-miss
1457 http fetch GET 200 https://registry.npmjs.org/tslib 260ms (cache revalidated)
1458 silly packumentCache full:https://registry.npmjs.org/tslib set size:108760 disposed:false
1459 http fetch GET 200 https://registry.npmjs.org/tslib 269ms (cache revalidated)
1460 silly packumentCache full:https://registry.npmjs.org/tslib set size:108760 disposed:false
1461 silly packumentCache full:https://registry.npmjs.org/tslib dispose
1462 http fetch GET 200 https://registry.npmjs.org/tslib 276ms (cache revalidated)
1463 silly packumentCache full:https://registry.npmjs.org/tslib set size:108760 disposed:true
1464 silly packumentCache full:https://registry.npmjs.org/tslib dispose
1465 http fetch GET 200 https://registry.npmjs.org/@emnapi%2fwasi-threads 281ms (cache revalidated)
1466 silly packumentCache full:https://registry.npmjs.org/@emnapi%2fwasi-threads set size:19454 disposed:false
1467 silly placeDep node_modules/vercel @emnapi/wasi-threads@1.1.0 OK for: @emnapi/core@1.8.1 want: 1.1.0
1468 silly placeDep node_modules/vercel tslib@2.8.1 OK for: @emnapi/core@1.8.1 want: ^2.4.0
1469 silly placeDep node_modules/vercel lru-cache@11.2.5 OK for: path-scurry@2.0.1 want: ^11.0.0
1470 silly placeDep node_modules/vercel parse-ms@2.1.0 OK for: pretty-ms@7.0.1 want: ^2.1.0
1471 silly placeDep node_modules/vercel end-of-stream@1.4.5 OK for: pump@3.0.3 want: ^1.1.0
1472 silly placeDep node_modules/vercel once@1.4.0 OK for: pump@3.0.3 want: ^1.3.1
1473 silly fetch manifest once@^1.4.0
1474 silly packumentCache full:https://registry.npmjs.org/once cache-hit
1475 silly fetch manifest wrappy@1
1476 silly packumentCache full:https://registry.npmjs.org/wrappy cache-miss
1477 http fetch GET 200 https://registry.npmjs.org/wrappy 342ms (cache revalidated)
1478 silly packumentCache full:https://registry.npmjs.org/wrappy set size:7682 disposed:false
1479 silly placeDep node_modules/vercel wrappy@1.0.2 OK for: once@1.4.0 want: 1
1480 silly placeDep node_modules/vercel bytes@3.1.0 OK for: raw-body@2.4.1 want: 3.1.0
1481 silly placeDep node_modules/vercel http-errors@1.7.3 OK for: raw-body@2.4.1 want: 1.7.3
1482 silly placeDep node_modules/vercel iconv-lite@0.4.24 OK for: raw-body@2.4.1 want: 0.4.24
1483 silly placeDep node_modules/vercel unpipe@1.0.0 OK for: raw-body@2.4.1 want: 1.0.0
1484 silly fetch manifest depd@~1.1.2
1485 silly packumentCache full:https://registry.npmjs.org/depd cache-miss
1486 silly fetch manifest inherits@2.0.4
1487 silly packumentCache full:https://registry.npmjs.org/inherits cache-miss
1488 silly fetch manifest statuses@>= 1.5.0 < 2
1489 silly packumentCache full:https://registry.npmjs.org/statuses cache-miss
1490 silly fetch manifest toidentifier@1.0.0
1491 silly packumentCache full:https://registry.npmjs.org/toidentifier cache-miss
1492 silly fetch manifest setprototypeof@1.1.1
1493 silly packumentCache full:https://registry.npmjs.org/setprototypeof cache-miss
1494 silly fetch manifest safer-buffer@>= 2.1.2 < 3
1495 silly packumentCache full:https://registry.npmjs.org/safer-buffer cache-miss
1496 http fetch GET 200 https://registry.npmjs.org/toidentifier 362ms (cache miss)
1497 silly packumentCache full:https://registry.npmjs.org/toidentifier set size:undefined disposed:false
1498 http fetch GET 200 https://registry.npmjs.org/setprototypeof 364ms (cache miss)
1499 silly packumentCache full:https://registry.npmjs.org/setprototypeof set size:undefined disposed:false
1500 http fetch GET 200 https://registry.npmjs.org/statuses 378ms (cache miss)
1501 silly packumentCache full:https://registry.npmjs.org/statuses set size:undefined disposed:false
1502 http fetch GET 200 https://registry.npmjs.org/safer-buffer 379ms (cache miss)
1503 silly packumentCache full:https://registry.npmjs.org/safer-buffer set size:undefined disposed:false
1504 http fetch GET 200 https://registry.npmjs.org/depd 386ms (cache miss)
1505 silly packumentCache full:https://registry.npmjs.org/depd set size:undefined disposed:false
1506 http fetch GET 200 https://registry.npmjs.org/inherits 395ms (cache revalidated)
1507 silly packumentCache full:https://registry.npmjs.org/inherits set size:12925 disposed:false
1508 silly placeDep node_modules/vercel depd@1.1.2 OK for: http-errors@1.7.3 want: ~1.1.2
1509 silly placeDep node_modules/vercel inherits@2.0.4 OK for: http-errors@1.7.3 want: 2.0.4
1510 silly placeDep node_modules/vercel setprototypeof@1.1.1 OK for: http-errors@1.7.3 want: 1.1.1
1511 silly placeDep node_modules/vercel statuses@1.5.0 OK for: http-errors@1.7.3 want: >= 1.5.0 < 2
1512 silly placeDep node_modules/vercel toidentifier@1.0.0 OK for: http-errors@1.7.3 want: 1.0.0
1513 silly placeDep node_modules/vercel safer-buffer@2.1.2 OK for: iconv-lite@0.4.24 want: >= 2.1.2 < 3
1514 silly placeDep node_modules/vercel @oxc-project/types@0.110.0 OK for: rolldown@1.0.0-rc.1 want: =0.110.0
1515 silly placeDep node_modules/vercel @rolldown/binding-android-arm64@1.0.0-rc.1 OK for: rolldown@1.0.0-rc.1 want: 1.0.0-rc.1
1516 silly placeDep node_modules/vercel @rolldown/binding-darwin-arm64@1.0.0-rc.1 OK for: rolldown@1.0.0-rc.1 want: 1.0.0-rc.1
1517 silly placeDep node_modules/vercel @rolldown/binding-darwin-x64@1.0.0-rc.1 OK for: rolldown@1.0.0-rc.1 want: 1.0.0-rc.1
1518 silly placeDep node_modules/vercel @rolldown/binding-freebsd-x64@1.0.0-rc.1 OK for: rolldown@1.0.0-rc.1 want: 1.0.0-rc.1
1519 silly placeDep node_modules/vercel @rolldown/binding-linux-arm-gnueabihf@1.0.0-rc.1 OK for: rolldown@1.0.0-rc.1 want: 1.0.0-rc.1
1520 silly placeDep node_modules/vercel @rolldown/binding-linux-arm64-gnu@1.0.0-rc.1 OK for: rolldown@1.0.0-rc.1 want: 1.0.0-rc.1
1521 silly placeDep node_modules/vercel @rolldown/binding-linux-arm64-musl@1.0.0-rc.1 OK for: rolldown@1.0.0-rc.1 want: 1.0.0-rc.1
1522 silly placeDep node_modules/vercel @rolldown/binding-linux-x64-gnu@1.0.0-rc.1 OK for: rolldown@1.0.0-rc.1 want: 1.0.0-rc.1
1523 silly placeDep node_modules/vercel @rolldown/binding-linux-x64-musl@1.0.0-rc.1 OK for: rolldown@1.0.0-rc.1 want: 1.0.0-rc.1
1524 silly placeDep node_modules/vercel @rolldown/binding-openharmony-arm64@1.0.0-rc.1 OK for: rolldown@1.0.0-rc.1 want: 1.0.0-rc.1
1525 silly placeDep node_modules/vercel @rolldown/binding-wasm32-wasi@1.0.0-rc.1 OK for: rolldown@1.0.0-rc.1 want: 1.0.0-rc.1
1526 silly placeDep node_modules/vercel @rolldown/binding-win32-arm64-msvc@1.0.0-rc.1 OK for: rolldown@1.0.0-rc.1 want: 1.0.0-rc.1
1527 silly placeDep node_modules/vercel @rolldown/binding-win32-x64-msvc@1.0.0-rc.1 OK for: rolldown@1.0.0-rc.1 want: 1.0.0-rc.1
1528 silly placeDep node_modules/vercel @rolldown/pluginutils@1.0.0-rc.1 OK for: rolldown@1.0.0-rc.1 want: 1.0.0-rc.1
1529 silly placeDep node_modules/vercel/node_modules/semver lru-cache@6.0.0 OK for: semver@7.5.4 want: ^6.0.0
1530 silly placeDep node_modules/vercel shebang-regex@3.0.0 OK for: shebang-command@2.0.0 want: ^3.0.0
1531 silly placeDep node_modules/vercel cookie-es@2.0.0 OK for: srvx@0.8.9 want: ^2.0.0
1532 silly placeDep node_modules/vercel any-promise@1.3.0 OK for: stream-to-promise@2.2.0 want: ~1.3.0
1533 silly placeDep node_modules/vercel/node_modules/stream-to-promise end-of-stream@1.1.0 OK for: stream-to-promise@2.2.0 want: ~1.1.0
1534 silly placeDep node_modules/vercel stream-to-array@2.3.0 OK for: stream-to-promise@2.2.0 want: ~2.3.0
1535 silly fetch manifest once@~1.3.0
1536 silly packumentCache full:https://registry.npmjs.org/once cache-hit
1537 silly placeDep node_modules/vercel chownr@2.0.0 OK for: tar@6.2.1 want: ^2.0.0
1538 silly placeDep node_modules/vercel fs-minipass@2.1.0 OK for: tar@6.2.1 want: ^2.0.0
1539 silly placeDep node_modules/vercel/node_modules/tar minipass@5.0.0 OK for: tar@6.2.1 want: ^5.0.0
1540 silly placeDep node_modules/vercel minizlib@2.1.2 OK for: tar@6.2.1 want: ^2.1.1
1541 silly placeDep node_modules/vercel mkdirp@1.0.4 OK for: tar@6.2.1 want: ^1.0.3
1542 silly placeDep node_modules/vercel yallist@4.0.0 OK for: tar@6.2.1 want: ^4.0.0
1543 silly fetch manifest minipass@^3.0.0
1544 silly packumentCache full:https://registry.npmjs.org/minipass cache-hit
1545 silly fetch manifest minipass@^3.0.0
1546 silly packumentCache full:https://registry.npmjs.org/minipass cache-hit
1547 silly placeDep node_modules/vercel/node_modules/fs-minipass minipass@3.3.6 OK for: fs-minipass@2.1.0 want: ^3.0.0
1548 silly placeDep node_modules/vercel/node_modules/minizlib minipass@3.3.6 OK for: minizlib@2.1.2 want: ^3.0.0
1549 silly placeDep node_modules/vercel convert-hrtime@3.0.0 OK for: time-span@4.0.0 want: ^3.0.0
1550 silly placeDep node_modules/vercel @ts-morph/common@0.11.1 OK for: ts-morph@12.0.0 want: ~0.11.0
1551 silly placeDep node_modules/vercel code-block-writer@10.1.1 OK for: ts-morph@12.0.0 want: ^10.1.1
1552 silly fetch manifest fast-glob@^3.2.7
1553 silly packumentCache full:https://registry.npmjs.org/fast-glob cache-miss
1554 silly fetch manifest minimatch@^3.0.4
1555 silly packumentCache full:https://registry.npmjs.org/minimatch cache-hit
1556 silly fetch manifest path-browserify@^1.0.1
1557 silly packumentCache full:https://registry.npmjs.org/path-browserify cache-miss
1558 http fetch GET 200 https://registry.npmjs.org/fast-glob 234ms (cache revalidated)
1559 silly packumentCache full:https://registry.npmjs.org/fast-glob set size:220556 disposed:false
1560 http fetch GET 200 https://registry.npmjs.org/path-browserify 251ms (cache miss)
1561 silly packumentCache full:https://registry.npmjs.org/path-browserify set size:undefined disposed:false
1562 silly placeDep node_modules/vercel fast-glob@3.3.3 OK for: @ts-morph/common@0.11.1 want: ^3.2.7
1563 silly placeDep node_modules/vercel/node_modules/@ts-morph/common minimatch@3.1.2 OK for: @ts-morph/common@0.11.1 want: ^3.0.4
1564 silly placeDep node_modules/vercel path-browserify@1.0.1 OK for: @ts-morph/common@0.11.1 want: ^1.0.1
1565 silly fetch manifest @nodelib/fs.stat@^2.0.2
1566 silly packumentCache full:https://registry.npmjs.org/@nodelib%2ffs.stat cache-miss
1567 silly fetch manifest @nodelib/fs.walk@^1.2.3
1568 silly packumentCache full:https://registry.npmjs.org/@nodelib%2ffs.walk cache-miss
1569 silly fetch manifest glob-parent@^5.1.2
1570 silly packumentCache full:https://registry.npmjs.org/glob-parent cache-miss
1571 silly fetch manifest merge2@^1.3.0
1572 silly packumentCache full:https://registry.npmjs.org/merge2 cache-miss
1573 silly fetch manifest micromatch@^4.0.8
1574 silly packumentCache full:https://registry.npmjs.org/micromatch cache-miss
1575 silly fetch manifest brace-expansion@^1.1.7
1576 silly packumentCache full:https://registry.npmjs.org/brace-expansion cache-miss
1577 http fetch GET 200 https://registry.npmjs.org/glob-parent 333ms (cache revalidated)
1578 silly packumentCache full:https://registry.npmjs.org/glob-parent set size:42445 disposed:false
1579 http fetch GET 200 https://registry.npmjs.org/@nodelib%2ffs.stat 341ms (cache revalidated)
1580 silly packumentCache full:https://registry.npmjs.org/@nodelib%2ffs.stat set size:36993 disposed:false
1581 http fetch GET 200 https://registry.npmjs.org/@nodelib%2ffs.walk 359ms (cache revalidated)
1582 silly packumentCache full:https://registry.npmjs.org/@nodelib%2ffs.walk set size:41589 disposed:false
1583 http fetch GET 200 https://registry.npmjs.org/merge2 362ms (cache revalidated)
1584 silly packumentCache full:https://registry.npmjs.org/merge2 set size:46159 disposed:false
1585 http fetch GET 200 https://registry.npmjs.org/brace-expansion 376ms (cache revalidated)
1586 silly packumentCache full:https://registry.npmjs.org/brace-expansion set size:46250 disposed:false
1587 http fetch GET 200 https://registry.npmjs.org/micromatch 385ms (cache revalidated)
1588 silly packumentCache full:https://registry.npmjs.org/micromatch set size:240630 disposed:false
1589 silly placeDep node_modules/vercel @nodelib/fs.stat@2.0.5 OK for: fast-glob@3.3.3 want: ^2.0.2
1590 silly placeDep node_modules/vercel @nodelib/fs.walk@1.2.8 OK for: fast-glob@3.3.3 want: ^1.2.3
1591 silly placeDep node_modules/vercel glob-parent@5.1.2 OK for: fast-glob@3.3.3 want: ^5.1.2
1592 silly placeDep node_modules/vercel merge2@1.4.1 OK for: fast-glob@3.3.3 want: ^1.3.0
1593 silly placeDep node_modules/vercel micromatch@4.0.8 OK for: fast-glob@3.3.3 want: ^4.0.8
1594 silly fetch manifest fastq@^1.6.0
1595 silly packumentCache full:https://registry.npmjs.org/fastq cache-miss
1596 silly fetch manifest @nodelib/fs.scandir@2.1.5
1597 silly packumentCache full:https://registry.npmjs.org/@nodelib%2ffs.scandir cache-miss
1598 silly fetch manifest is-glob@^4.0.1
1599 silly packumentCache full:https://registry.npmjs.org/is-glob cache-miss
1600 silly fetch manifest braces@^3.0.3
1601 silly packumentCache full:https://registry.npmjs.org/braces cache-miss
1602 silly fetch manifest picomatch@^2.3.1
1603 silly packumentCache full:https://registry.npmjs.org/picomatch cache-hit
1604 http fetch GET 200 https://registry.npmjs.org/fastq 359ms (cache revalidated)
1605 silly packumentCache full:https://registry.npmjs.org/fastq set size:78301 disposed:false
1606 http fetch GET 200 https://registry.npmjs.org/braces 364ms (cache revalidated)
1607 silly packumentCache full:https://registry.npmjs.org/braces set size:114529 disposed:false
1608 http fetch GET 200 https://registry.npmjs.org/is-glob 373ms (cache revalidated)
1609 silly packumentCache full:https://registry.npmjs.org/is-glob set size:40530 disposed:false
1610 http fetch GET 200 https://registry.npmjs.org/@nodelib%2ffs.scandir 379ms (cache revalidated)
1611 silly packumentCache full:https://registry.npmjs.org/@nodelib%2ffs.scandir set size:49256 disposed:false
1612 silly placeDep node_modules/vercel @nodelib/fs.scandir@2.1.5 OK for: @nodelib/fs.walk@1.2.8 want: 2.1.5
1613 silly placeDep node_modules/vercel fastq@1.20.1 OK for: @nodelib/fs.walk@1.2.8 want: ^1.6.0
1614 silly fetch manifest run-parallel@^1.1.9
1615 silly packumentCache full:https://registry.npmjs.org/run-parallel cache-miss
1616 silly fetch manifest reusify@^1.0.4
1617 silly packumentCache full:https://registry.npmjs.org/reusify cache-miss
1618 http fetch GET 200 https://registry.npmjs.org/reusify 277ms (cache revalidated)
1619 silly packumentCache full:https://registry.npmjs.org/reusify set size:14249 disposed:false
1620 http fetch GET 200 https://registry.npmjs.org/run-parallel 283ms (cache revalidated)
1621 silly packumentCache full:https://registry.npmjs.org/run-parallel set size:35172 disposed:false
1622 silly placeDep node_modules/vercel run-parallel@1.2.0 OK for: @nodelib/fs.scandir@2.1.5 want: ^1.1.9
1623 silly fetch manifest queue-microtask@^1.2.2
1624 silly packumentCache full:https://registry.npmjs.org/queue-microtask cache-miss
1625 http fetch GET 200 https://registry.npmjs.org/queue-microtask 287ms (cache revalidated)
1626 silly packumentCache full:https://registry.npmjs.org/queue-microtask set size:36088 disposed:false
1627 silly placeDep node_modules/vercel reusify@1.1.0 OK for: fastq@1.20.1 want: ^1.0.4
1628 silly placeDep node_modules/vercel is-glob@4.0.3 OK for: glob-parent@5.1.2 want: ^4.0.1
1629 silly fetch manifest is-extglob@^2.1.1
1630 silly packumentCache full:https://registry.npmjs.org/is-extglob cache-miss
1631 http fetch GET 200 https://registry.npmjs.org/is-extglob 316ms (cache revalidated)
1632 silly packumentCache full:https://registry.npmjs.org/is-extglob set size:11766 disposed:false
1633 silly placeDep node_modules/vercel is-extglob@2.1.1 OK for: is-glob@4.0.3 want: ^2.1.1
1634 silly placeDep node_modules/vercel braces@3.0.3 OK for: micromatch@4.0.8 want: ^3.0.3
1635 silly placeDep node_modules/vercel/node_modules/micromatch picomatch@2.3.1 OK for: micromatch@4.0.8 want: ^2.3.1
1636 silly fetch manifest fill-range@^7.1.1
1637 silly packumentCache full:https://registry.npmjs.org/fill-range cache-miss
1638 http fetch GET 200 https://registry.npmjs.org/fill-range 455ms (cache revalidated)
1639 silly packumentCache full:https://registry.npmjs.org/fill-range set size:90212 disposed:false
1640 silly placeDep node_modules/vercel fill-range@7.1.1 OK for: braces@3.0.3 want: ^7.1.1
1641 silly fetch manifest to-regex-range@^5.0.1
1642 silly packumentCache full:https://registry.npmjs.org/to-regex-range cache-miss
1643 http fetch GET 200 https://registry.npmjs.org/to-regex-range 295ms (cache revalidated)
1644 silly packumentCache full:https://registry.npmjs.org/to-regex-range set size:61569 disposed:false
1645 silly placeDep node_modules/vercel to-regex-range@5.0.1 OK for: fill-range@7.1.1 want: ^5.0.1
1646 silly fetch manifest is-number@^7.0.0
1647 silly packumentCache full:https://registry.npmjs.org/is-number cache-miss
1648 http fetch GET 200 https://registry.npmjs.org/is-number 190ms (cache revalidated)
1649 silly packumentCache full:https://registry.npmjs.org/is-number set size:36183 disposed:false
1650 silly placeDep node_modules/vercel queue-microtask@1.2.3 OK for: run-parallel@1.2.0 want: ^1.2.2
1651 silly placeDep node_modules/vercel is-number@7.0.0 OK for: to-regex-range@5.0.1 want: ^7.0.0
1652 silly placeDep node_modules/vercel @cspotcode/source-map-support@0.8.1 OK for: ts-node@10.9.1 want: ^0.8.0
1653 silly placeDep node_modules/vercel @tsconfig/node10@1.0.12 OK for: ts-node@10.9.1 want: ^1.0.7
1654 silly placeDep node_modules/vercel @tsconfig/node12@1.0.11 OK for: ts-node@10.9.1 want: ^1.0.7
1655 silly placeDep node_modules/vercel @tsconfig/node14@1.0.3 OK for: ts-node@10.9.1 want: ^1.0.0
1656 silly placeDep node_modules/vercel @tsconfig/node16@1.0.4 OK for: ts-node@10.9.1 want: ^1.0.2
1657 silly placeDep node_modules/vercel acorn-walk@8.3.4 OK for: ts-node@10.9.1 want: ^8.1.1
1658 silly placeDep node_modules/vercel create-require@1.1.1 OK for: ts-node@10.9.1 want: ^1.1.0
1659 silly placeDep node_modules/vercel diff@4.0.4 OK for: ts-node@10.9.1 want: ^4.0.1
1660 silly placeDep node_modules/vercel make-error@1.3.6 OK for: ts-node@10.9.1 want: ^1.1.1
1661 silly placeDep node_modules/vercel v8-compile-cache-lib@3.0.1 OK for: ts-node@10.9.1 want: ^3.0.1
1662 silly placeDep node_modules/vercel yn@3.1.1 OK for: ts-node@10.9.1 want: 3.1.1
1663 silly fetch manifest @jridgewell/trace-mapping@0.3.9
1664 silly packumentCache full:https://registry.npmjs.org/@jridgewell%2ftrace-mapping cache-miss
1665 http fetch GET 200 https://registry.npmjs.org/@jridgewell%2ftrace-mapping 275ms (cache revalidated)
1666 silly packumentCache full:https://registry.npmjs.org/@jridgewell%2ftrace-mapping set size:170909 disposed:false
1667 silly placeDep node_modules/vercel @jridgewell/trace-mapping@0.3.9 OK for: @cspotcode/source-map-support@0.8.1 want: 0.3.9
1668 silly fetch manifest @jridgewell/resolve-uri@^3.0.3
1669 silly packumentCache full:https://registry.npmjs.org/@jridgewell%2fresolve-uri cache-miss
1670 silly fetch manifest @jridgewell/sourcemap-codec@^1.4.10
1671 silly packumentCache full:https://registry.npmjs.org/@jridgewell%2fsourcemap-codec cache-miss
1672 http fetch GET 200 https://registry.npmjs.org/@jridgewell%2fsourcemap-codec 320ms (cache revalidated)
1673 silly packumentCache full:https://registry.npmjs.org/@jridgewell%2fsourcemap-codec set size:59275 disposed:false
1674 http fetch GET 200 https://registry.npmjs.org/@jridgewell%2fresolve-uri 334ms (cache revalidated)
1675 silly packumentCache full:https://registry.npmjs.org/@jridgewell%2fresolve-uri set size:57361 disposed:false
1676 silly placeDep node_modules/vercel @jridgewell/resolve-uri@3.1.2 OK for: @jridgewell/trace-mapping@0.3.9 want: ^3.0.3
1677 silly placeDep node_modules/vercel @jridgewell/sourcemap-codec@1.5.5 OK for: @jridgewell/trace-mapping@0.3.9 want: ^1.4.10
1678 silly placeDep node_modules/vercel fsevents@2.3.3 OK for: tsx@4.21.0 want: ~2.3.3
1679 silly placeDep node_modules/vercel get-tsconfig@4.13.1 OK for: tsx@4.21.0 want: ^4.7.5
1680 silly fetch manifest resolve-pkg-maps@^1.0.0
1681 silly packumentCache full:https://registry.npmjs.org/resolve-pkg-maps cache-miss
1682 http fetch GET 200 https://registry.npmjs.org/resolve-pkg-maps 285ms (cache revalidated)
1683 silly packumentCache full:https://registry.npmjs.org/resolve-pkg-maps set size:11615 disposed:false
1684 silly placeDep node_modules/vercel resolve-pkg-maps@1.0.0 OK for: get-tsconfig@4.13.1 want: ^1.0.0
1685 silly placeDep node_modules/vercel @fastify/busboy@2.1.1 OK for: undici@5.29.0 want: ^2.0.0
1686 silly placeDep node_modules/vercel punycode@2.3.1 OK for: uri-js@4.4.1 want: ^2.1.0
1687 silly placeDep node_modules/vercel tr46@0.0.3 OK for: whatwg-url@5.0.0 want: ~0.0.3
1688 silly placeDep node_modules/vercel webidl-conversions@3.0.1 OK for: whatwg-url@5.0.0 want: ^3.0.0
1689 silly placeDep node_modules/vercel isexe@2.0.0 OK for: which@2.0.2 want: ^2.0.0
1690 silly placeDep node_modules/vercel xdg-portable@7.3.0 OK for: xdg-app-paths@5.1.0 want: ^7.0.0
1691 silly fetch manifest os-paths@^4.0.1
1692 silly packumentCache full:https://registry.npmjs.org/os-paths cache-miss
1693 http fetch GET 200 https://registry.npmjs.org/os-paths 331ms (cache miss)
1694 silly packumentCache full:https://registry.npmjs.org/os-paths set size:undefined disposed:false
1695 silly placeDep node_modules/vercel os-paths@4.4.0 OK for: xdg-portable@7.3.0 want: ^4.0.1
1696 silly placeDep node_modules/vercel yauzl@2.10.0 OK for: yauzl-promise@2.1.3 want: ^2.9.1
1697 silly placeDep node_modules/vercel yauzl-clone@1.0.4 OK for: yauzl-promise@2.1.3 want: ^1.0.4
1698 silly fetch manifest fd-slicer@~1.1.0
1699 silly packumentCache full:https://registry.npmjs.org/fd-slicer cache-miss
1700 silly fetch manifest buffer-crc32@~0.2.3
1701 silly packumentCache full:https://registry.npmjs.org/buffer-crc32 cache-miss
1702 silly fetch manifest events-intercept@^2.0.0
1703 silly packumentCache full:https://registry.npmjs.org/events-intercept cache-miss
1704 http fetch GET 200 https://registry.npmjs.org/events-intercept 280ms (cache miss)
1705 silly packumentCache full:https://registry.npmjs.org/events-intercept set size:undefined disposed:false
1706 http fetch GET 200 https://registry.npmjs.org/fd-slicer 307ms (cache miss)
1707 silly packumentCache full:https://registry.npmjs.org/fd-slicer set size:undefined disposed:false
1708 http fetch GET 200 https://registry.npmjs.org/buffer-crc32 310ms (cache miss)
1709 silly packumentCache full:https://registry.npmjs.org/buffer-crc32 set size:undefined disposed:false
1710 silly placeDep node_modules/vercel buffer-crc32@0.2.13 OK for: yauzl@2.10.0 want: ~0.2.3
1711 silly placeDep node_modules/vercel fd-slicer@1.1.0 OK for: yauzl@2.10.0 want: ~1.1.0
1712 silly fetch manifest pend@~1.2.0
1713 silly packumentCache full:https://registry.npmjs.org/pend cache-miss
1714 http fetch GET 200 https://registry.npmjs.org/pend 341ms (cache miss)
1715 silly packumentCache full:https://registry.npmjs.org/pend set size:undefined disposed:false
1716 silly placeDep node_modules/vercel pend@1.2.0 OK for: fd-slicer@1.1.0 want: ~1.2.0
1717 silly placeDep node_modules/vercel events-intercept@2.0.0 OK for: yauzl-clone@1.0.4 want: ^2.0.0
1718 silly placeDep node_modules/vercel @isaacs/fs-minipass@4.0.1 OK for: tar@7.5.7 want: ^4.0.0
1719 silly placeDep node_modules/vercel/node_modules/@mapbox/node-pre-gyp chownr@3.0.0 OK for: tar@7.5.7 want: ^3.0.0
1720 silly placeDep node_modules/vercel/node_modules/@mapbox/node-pre-gyp minizlib@3.1.0 OK for: tar@7.5.7 want: ^3.1.0
1721 silly placeDep node_modules/vercel/node_modules/@mapbox/node-pre-gyp yallist@5.0.0 OK for: tar@7.5.7 want: ^5.0.0
1722 silly placeDep node_modules/vercel brace-expansion@1.1.12 OK for: minimatch@3.1.2 want: ^1.1.7
1723 silly fetch manifest balanced-match@^1.0.0
1724 silly packumentCache full:https://registry.npmjs.org/balanced-match cache-miss
1725 silly fetch manifest concat-map@0.0.1
1726 silly packumentCache full:https://registry.npmjs.org/concat-map cache-miss
1727 http fetch GET 200 https://registry.npmjs.org/balanced-match 271ms (cache revalidated)
1728 silly packumentCache full:https://registry.npmjs.org/balanced-match set size:33860 disposed:false
1729 http fetch GET 200 https://registry.npmjs.org/concat-map 282ms (cache revalidated)
1730 silly packumentCache full:https://registry.npmjs.org/concat-map set size:9290 disposed:false
1731 silly placeDep node_modules/vercel balanced-match@1.0.2 OK for: brace-expansion@1.1.12 want: ^1.0.0
1732 silly placeDep node_modules/vercel concat-map@0.0.1 OK for: brace-expansion@1.1.12 want: 0.0.1
1733 silly placeDep node_modules/vercel/node_modules/@vercel/rust get-stream@6.0.1 OK for: execa@5.1.1 want: ^6.0.0
1734 silly placeDep node_modules/vercel/node_modules/@vercel/rust human-signals@2.1.0 OK for: execa@5.1.1 want: ^2.1.0
1735 silly placeDep node_modules/vercel/node_modules/@vercel/rust signal-exit@3.0.7 OK for: execa@5.1.1 want: ^3.0.3
1736 silly placeDep node_modules/vercel/node_modules/stream-to-promise once@1.3.3 OK for: end-of-stream@1.1.0 want: ~1.3.0
1737 silly reify moves {}
1738 http cache vercel@https://registry.npmjs.org/vercel/-/vercel-50.10.0.tgz 0ms (cache hit)
1739 http cache concat-map@https://registry.npmjs.org/concat-map/-/concat-map-0.0.1.tgz 0ms (cache hit)
1740 http cache balanced-match@https://registry.npmjs.org/balanced-match/-/balanced-match-1.0.2.tgz 0ms (cache hit)
1741 http cache brace-expansion@https://registry.npmjs.org/brace-expansion/-/brace-expansion-1.1.12.tgz 0ms (cache hit)
1742 http cache @isaacs/fs-minipass@https://registry.npmjs.org/@isaacs/fs-minipass/-/fs-minipass-4.0.1.tgz 0ms (cache hit)
1743 http cache events-intercept@https://registry.npmjs.org/events-intercept/-/events-intercept-2.0.0.tgz 0ms (cache hit)
1744 http cache pend@https://registry.npmjs.org/pend/-/pend-1.2.0.tgz 0ms (cache hit)
1745 http cache buffer-crc32@https://registry.npmjs.org/buffer-crc32/-/buffer-crc32-0.2.13.tgz 0ms (cache hit)
1746 http cache fd-slicer@https://registry.npmjs.org/fd-slicer/-/fd-slicer-1.1.0.tgz 0ms (cache hit)
1747 http cache yauzl-clone@https://registry.npmjs.org/yauzl-clone/-/yauzl-clone-1.0.4.tgz 0ms (cache hit)
1748 http cache os-paths@https://registry.npmjs.org/os-paths/-/os-paths-4.4.0.tgz 0ms (cache hit)
1749 http cache xdg-portable@https://registry.npmjs.org/xdg-portable/-/xdg-portable-7.3.0.tgz 0ms (cache hit)
1750 http cache isexe@https://registry.npmjs.org/isexe/-/isexe-2.0.0.tgz 0ms (cache hit)
1751 http cache webidl-conversions@https://registry.npmjs.org/webidl-conversions/-/webidl-conversions-3.0.1.tgz 0ms (cache hit)
1752 http cache tr46@https://registry.npmjs.org/tr46/-/tr46-0.0.3.tgz 0ms (cache hit)
1753 http cache resolve-pkg-maps@https://registry.npmjs.org/resolve-pkg-maps/-/resolve-pkg-maps-1.0.0.tgz 0ms (cache hit)
1754 http cache get-tsconfig@https://registry.npmjs.org/get-tsconfig/-/get-tsconfig-4.13.1.tgz 0ms (cache hit)
1755 http cache @jridgewell/sourcemap-codec@https://registry.npmjs.org/@jridgewell/sourcemap-codec/-/sourcemap-codec-1.5.5.tgz 0ms (cache hit)
1756 http cache @jridgewell/resolve-uri@https://registry.npmjs.org/@jridgewell/resolve-uri/-/resolve-uri-3.1.2.tgz 0ms (cache hit)
1757 http cache yn@https://registry.npmjs.org/yn/-/yn-3.1.1.tgz 0ms (cache hit)
1758 http cache v8-compile-cache-lib@https://registry.npmjs.org/v8-compile-cache-lib/-/v8-compile-cache-lib-3.0.1.tgz 0ms (cache hit)
1759 http cache make-error@https://registry.npmjs.org/make-error/-/make-error-1.3.6.tgz 0ms (cache hit)
1760 http cache yauzl@https://registry.npmjs.org/yauzl/-/yauzl-2.10.0.tgz 0ms (cache hit)
1761 http cache diff@https://registry.npmjs.org/diff/-/diff-4.0.4.tgz 0ms (cache hit)
1762 http cache acorn-walk@https://registry.npmjs.org/acorn-walk/-/acorn-walk-8.3.4.tgz 0ms (cache hit)
1763 http cache @tsconfig/node16@https://registry.npmjs.org/@tsconfig/node16/-/node16-1.0.4.tgz 0ms (cache hit)
1764 http cache @cspotcode/source-map-support@https://registry.npmjs.org/@cspotcode/source-map-support/-/source-map-support-0.8.1.tgz 0ms (cache hit)
1765 http cache @tsconfig/node10@https://registry.npmjs.org/@tsconfig/node10/-/node10-1.0.12.tgz 0ms (cache hit)
1766 http cache is-number@https://registry.npmjs.org/is-number/-/is-number-7.0.0.tgz 0ms (cache hit)
1767 http cache queue-microtask@https://registry.npmjs.org/queue-microtask/-/queue-microtask-1.2.3.tgz 0ms (cache hit)
1768 http cache to-regex-range@https://registry.npmjs.org/to-regex-range/-/to-regex-range-5.0.1.tgz 0ms (cache hit)
1769 http cache fill-range@https://registry.npmjs.org/fill-range/-/fill-range-7.1.1.tgz 0ms (cache hit)
1770 http cache braces@https://registry.npmjs.org/braces/-/braces-3.0.3.tgz 0ms (cache hit)
1771 http cache is-glob@https://registry.npmjs.org/is-glob/-/is-glob-4.0.3.tgz 0ms (cache hit)
1772 http cache is-extglob@https://registry.npmjs.org/is-extglob/-/is-extglob-2.1.1.tgz 0ms (cache hit)
1773 http cache reusify@https://registry.npmjs.org/reusify/-/reusify-1.1.0.tgz 0ms (cache hit)
1774 http cache run-parallel@https://registry.npmjs.org/run-parallel/-/run-parallel-1.2.0.tgz 0ms (cache hit)
1775 http cache fastq@https://registry.npmjs.org/fastq/-/fastq-1.20.1.tgz 0ms (cache hit)
1776 http cache @nodelib/fs.scandir@https://registry.npmjs.org/@nodelib/fs.scandir/-/fs.scandir-2.1.5.tgz 0ms (cache hit)
1777 http cache micromatch@https://registry.npmjs.org/micromatch/-/micromatch-4.0.8.tgz 0ms (cache hit)
1778 http cache picomatch@https://registry.npmjs.org/picomatch/-/picomatch-2.3.1.tgz 0ms (cache hit)
1779 http cache merge2@https://registry.npmjs.org/merge2/-/merge2-1.4.1.tgz 0ms (cache hit)
1780 http cache glob-parent@https://registry.npmjs.org/glob-parent/-/glob-parent-5.1.2.tgz 1ms (cache hit)
1781 http cache @nodelib/fs.walk@https://registry.npmjs.org/@nodelib/fs.walk/-/fs.walk-1.2.8.tgz 0ms (cache hit)
1782 http cache @nodelib/fs.stat@https://registry.npmjs.org/@nodelib/fs.stat/-/fs.stat-2.0.5.tgz 0ms (cache hit)
1783 http cache path-browserify@https://registry.npmjs.org/path-browserify/-/path-browserify-1.0.1.tgz 0ms (cache hit)
1784 http cache fast-glob@https://registry.npmjs.org/fast-glob/-/fast-glob-3.3.3.tgz 0ms (cache hit)
1785 http cache code-block-writer@https://registry.npmjs.org/code-block-writer/-/code-block-writer-10.1.1.tgz 0ms (cache hit)
1786 http cache @ts-morph/common@https://registry.npmjs.org/@ts-morph/common/-/common-0.11.1.tgz 0ms (cache hit)
1787 http cache minimatch@https://registry.npmjs.org/minimatch/-/minimatch-3.1.2.tgz 0ms (cache hit)
1788 http cache convert-hrtime@https://registry.npmjs.org/convert-hrtime/-/convert-hrtime-3.0.0.tgz 0ms (cache hit)
1789 http cache yallist@https://registry.npmjs.org/yallist/-/yallist-4.0.0.tgz 0ms (cache hit)
1790 http cache mkdirp@https://registry.npmjs.org/mkdirp/-/mkdirp-1.0.4.tgz 0ms (cache hit)
1791 http cache minizlib@https://registry.npmjs.org/minizlib/-/minizlib-2.1.2.tgz 0ms (cache hit)
1792 http cache minipass@https://registry.npmjs.org/minipass/-/minipass-3.3.6.tgz 0ms (cache hit)
1793 http cache minipass@https://registry.npmjs.org/minipass/-/minipass-3.3.6.tgz 0ms (cache hit)
1794 http cache chownr@https://registry.npmjs.org/chownr/-/chownr-2.0.0.tgz 0ms (cache hit)
1795 http cache fs-minipass@https://registry.npmjs.org/fs-minipass/-/fs-minipass-2.1.0.tgz 0ms (cache hit)
1796 http cache stream-to-array@https://registry.npmjs.org/stream-to-array/-/stream-to-array-2.3.0.tgz 0ms (cache hit)
1797 http cache any-promise@https://registry.npmjs.org/any-promise/-/any-promise-1.3.0.tgz 0ms (cache hit)
1798 http cache @rolldown/binding-android-arm64@https://registry.npmjs.org/@rolldown/binding-android-arm64/-/binding-android-arm64-1.0.0-rc.1.tgz 0ms (cache hit)
1799 http cache @oxc-project/types@https://registry.npmjs.org/@oxc-project/types/-/types-0.110.0.tgz 0ms (cache hit)
1800 http cache shebang-regex@https://registry.npmjs.org/shebang-regex/-/shebang-regex-3.0.0.tgz 0ms (cache hit)
1801 http cache @rolldown/pluginutils@https://registry.npmjs.org/@rolldown/pluginutils/-/pluginutils-1.0.0-rc.1.tgz 0ms (cache hit)
1802 http cache safer-buffer@https://registry.npmjs.org/safer-buffer/-/safer-buffer-2.1.2.tgz 1ms (cache hit)
1803 http cache toidentifier@https://registry.npmjs.org/toidentifier/-/toidentifier-1.0.0.tgz 0ms (cache hit)
1804 http cache cookie-es@https://registry.npmjs.org/cookie-es/-/cookie-es-2.0.0.tgz 0ms (cache hit)
1805 http cache statuses@https://registry.npmjs.org/statuses/-/statuses-1.5.0.tgz 0ms (cache hit)
1806 http cache punycode@https://registry.npmjs.org/punycode/-/punycode-2.3.1.tgz 0ms (cache hit)
1807 http cache inherits@https://registry.npmjs.org/inherits/-/inherits-2.0.4.tgz 0ms (cache hit)
1808 http cache unpipe@https://registry.npmjs.org/unpipe/-/unpipe-1.0.0.tgz 0ms (cache hit)
1809 http cache @tsconfig/node14@https://registry.npmjs.org/@tsconfig/node14/-/node14-1.0.3.tgz 0ms (cache hit)
1810 http cache @tsconfig/node12@https://registry.npmjs.org/@tsconfig/node12/-/node12-1.0.11.tgz 0ms (cache hit)
1811 http cache iconv-lite@https://registry.npmjs.org/iconv-lite/-/iconv-lite-0.4.24.tgz 0ms (cache hit)
1812 http cache bytes@https://registry.npmjs.org/bytes/-/bytes-3.1.0.tgz 0ms (cache hit)
1813 http cache wrappy@https://registry.npmjs.org/wrappy/-/wrappy-1.0.2.tgz 0ms (cache hit)
1814 http cache setprototypeof@https://registry.npmjs.org/setprototypeof/-/setprototypeof-1.1.1.tgz 0ms (cache hit)
1815 http cache once@https://registry.npmjs.org/once/-/once-1.4.0.tgz 0ms (cache hit)
1816 http cache http-errors@https://registry.npmjs.org/http-errors/-/http-errors-1.7.3.tgz 0ms (cache hit)
1817 http cache lru-cache@https://registry.npmjs.org/lru-cache/-/lru-cache-11.2.5.tgz 0ms (cache hit)
1818 http cache end-of-stream@https://registry.npmjs.org/end-of-stream/-/end-of-stream-1.4.5.tgz 0ms (cache hit)
1819 http cache @emnapi/wasi-threads@https://registry.npmjs.org/@emnapi/wasi-threads/-/wasi-threads-1.1.0.tgz 0ms (cache hit)
1820 http cache @tybys/wasm-util@https://registry.npmjs.org/@tybys/wasm-util/-/wasm-util-0.10.1.tgz 0ms (cache hit)
1821 http cache @emnapi/runtime@https://registry.npmjs.org/@emnapi/runtime/-/runtime-1.8.1.tgz 0ms (cache hit)
1822 http cache @napi-rs/wasm-runtime@https://registry.npmjs.org/@napi-rs/wasm-runtime/-/wasm-runtime-1.1.1.tgz 0ms (cache hit)
1823 http cache @emnapi/core@https://registry.npmjs.org/@emnapi/core/-/core-1.8.1.tgz 0ms (cache hit)
1824 http cache parse-ms@https://registry.npmjs.org/parse-ms/-/parse-ms-2.1.0.tgz 0ms (cache hit)
1825 http cache mimic-fn@https://registry.npmjs.org/mimic-fn/-/mimic-fn-2.1.0.tgz 0ms (cache hit)
1826 http cache abbrev@https://registry.npmjs.org/abbrev/-/abbrev-3.0.1.tgz 0ms (cache hit)
1827 http cache @oxc-transform/binding-android-arm64@https://registry.npmjs.org/@oxc-transform/binding-android-arm64/-/binding-android-arm64-0.111.0.tgz 0ms (cache hit)
1828 http cache whatwg-url@https://registry.npmjs.org/whatwg-url/-/whatwg-url-5.0.0.tgz 0ms (cache hit)
1829 http cache @isaacs/brace-expansion@https://registry.npmjs.org/@isaacs/brace-expansion/-/brace-expansion-5.0.1.tgz 0ms (cache hit)
1830 http cache mime-db@https://registry.npmjs.org/mime-db/-/mime-db-1.52.0.tgz 0ms (cache hit)
1831 http cache @isaacs/balanced-match@https://registry.npmjs.org/@isaacs/balanced-match/-/balanced-match-4.0.1.tgz 0ms (cache hit)
1832 http cache raw-body@https://registry.npmjs.org/raw-body/-/raw-body-2.4.1.tgz 0ms (cache hit)
1833 http cache arg@https://registry.npmjs.org/arg/-/arg-4.1.0.tgz 0ms (cache hit)
1834 http cache content-type@https://registry.npmjs.org/content-type/-/content-type-1.0.4.tgz 0ms (cache hit)
1835 http cache tslib@https://registry.npmjs.org/tslib/-/tslib-2.8.1.tgz 0ms (cache hit)
1836 http cache agent-base@https://registry.npmjs.org/agent-base/-/agent-base-7.1.4.tgz 0ms (cache hit)
1837 http cache path-scurry@https://registry.npmjs.org/path-scurry/-/path-scurry-2.0.1.tgz 0ms (cache hit)
1838 http cache @types/json-schema@https://registry.npmjs.org/@types/json-schema/-/json-schema-7.0.15.tgz 0ms (cache hit)
1839 http cache minipass@https://registry.npmjs.org/minipass/-/minipass-7.1.2.tgz 0ms (cache hit)
1840 http cache minimatch@https://registry.npmjs.org/minimatch/-/minimatch-10.1.2.tgz 0ms (cache hit)
1841 http cache ts-toolbelt@https://registry.npmjs.org/ts-toolbelt/-/ts-toolbelt-6.15.5.tgz 0ms (cache hit)
1842 http cache dunder-proto@https://registry.npmjs.org/dunder-proto/-/dunder-proto-1.0.1.tgz 0ms (cache hit)
1843 http cache pump@https://registry.npmjs.org/pump/-/pump-3.0.3.tgz 0ms (cache hit)
1844 http cache gopd@https://registry.npmjs.org/gopd/-/gopd-1.2.0.tgz 0ms (cache hit)
1845 http cache has-symbols@https://registry.npmjs.org/has-symbols/-/has-symbols-1.1.0.tgz 0ms (cache hit)
1846 http cache get-proto@https://registry.npmjs.org/get-proto/-/get-proto-1.0.1.tgz 0ms (cache hit)
1847 http cache es-define-property@https://registry.npmjs.org/es-define-property/-/es-define-property-1.0.1.tgz 0ms (cache hit)
1848 http cache function-bind@https://registry.npmjs.org/function-bind/-/function-bind-1.1.2.tgz 0ms (cache hit)
1849 http cache math-intrinsics@https://registry.npmjs.org/math-intrinsics/-/math-intrinsics-1.1.0.tgz 0ms (cache hit)
1850 http cache universalify@https://registry.npmjs.org/universalify/-/universalify-2.0.1.tgz 0ms (cache hit)
1851 http cache call-bind-apply-helpers@https://registry.npmjs.org/call-bind-apply-helpers/-/call-bind-apply-helpers-1.0.2.tgz 0ms (cache hit)
1852 http cache get-intrinsic@https://registry.npmjs.org/get-intrinsic/-/get-intrinsic-1.3.0.tgz 0ms (cache hit)
1853 http cache es-object-atoms@https://registry.npmjs.org/es-object-atoms/-/es-object-atoms-1.1.1.tgz 0ms (cache hit)
1854 http cache has-tostringtag@https://registry.npmjs.org/has-tostringtag/-/has-tostringtag-1.0.2.tgz 0ms (cache hit)
1855 http cache es-errors@https://registry.npmjs.org/es-errors/-/es-errors-1.3.0.tgz 0ms (cache hit)
1856 http cache delayed-stream@https://registry.npmjs.org/delayed-stream/-/delayed-stream-1.0.0.tgz 0ms (cache hit)
1857 http cache es-set-tostringtag@https://registry.npmjs.org/es-set-tostringtag/-/es-set-tostringtag-2.1.0.tgz 0ms (cache hit)
1858 http cache combined-stream@https://registry.npmjs.org/combined-stream/-/combined-stream-1.0.8.tgz 0ms (cache hit)
1859 http cache asynckit@https://registry.npmjs.org/asynckit/-/asynckit-0.4.0.tgz 0ms (cache hit)
1860 http cache hasown@https://registry.npmjs.org/hasown/-/hasown-2.0.2.tgz 0ms (cache hit)
1861 http cache jsonfile@https://registry.npmjs.org/jsonfile/-/jsonfile-6.2.0.tgz 0ms (cache hit)
1862 http cache create-require@https://registry.npmjs.org/create-require/-/create-require-1.1.1.tgz 0ms (cache hit)
1863 http cache which@https://registry.npmjs.org/which/-/which-2.0.2.tgz 0ms (cache hit)
1864 http cache shebang-command@https://registry.npmjs.org/shebang-command/-/shebang-command-2.0.0.tgz 0ms (cache hit)
1865 http cache npm-run-path@https://registry.npmjs.org/npm-run-path/-/npm-run-path-4.0.1.tgz 0ms (cache hit)
1866 http cache onetime@https://registry.npmjs.org/onetime/-/onetime-5.1.2.tgz 0ms (cache hit)
1867 http cache is-stream@https://registry.npmjs.org/is-stream/-/is-stream-2.0.1.tgz 0ms (cache hit)
1868 http cache p-finally@https://registry.npmjs.org/p-finally/-/p-finally-2.0.1.tgz 0ms (cache hit)
1869 http cache merge-stream@https://registry.npmjs.org/merge-stream/-/merge-stream-2.0.0.tgz 0ms (cache hit)
1870 http cache cross-spawn@https://registry.npmjs.org/cross-spawn/-/cross-spawn-7.0.6.tgz 0ms (cache hit)
1871 http cache human-signals@https://registry.npmjs.org/human-signals/-/human-signals-1.1.1.tgz 0ms (cache hit)
1872 http cache @esbuild/android-arm64@https://registry.npmjs.org/@esbuild/android-arm64/-/android-arm64-0.27.0.tgz 0ms (cache hit)
1873 http cache get-stream@https://registry.npmjs.org/get-stream/-/get-stream-5.2.0.tgz 0ms (cache hit)
1874 http cache pretty-ms@https://registry.npmjs.org/pretty-ms/-/pretty-ms-7.0.1.tgz 0ms (cache hit)
1875 http cache time-span@https://registry.npmjs.org/time-span/-/time-span-4.0.0.tgz 0ms (cache hit)
1876 http cache signal-exit@https://registry.npmjs.org/signal-exit/-/signal-exit-4.0.2.tgz 0ms (cache hit)
1877 http cache picocolors@https://registry.npmjs.org/picocolors/-/picocolors-1.0.0.tgz 0ms (cache hit)
1878 http cache @edge-runtime/ponyfill@https://registry.npmjs.org/@edge-runtime/ponyfill/-/ponyfill-2.4.2.tgz 0ms (cache hit)
1879 http cache mri@https://registry.npmjs.org/mri/-/mri-1.2.0.tgz 0ms (cache hit)
1880 http cache @edge-runtime/format@https://registry.npmjs.org/@edge-runtime/format/-/format-2.2.1.tgz 0ms (cache hit)
1881 http cache readdirp@https://registry.npmjs.org/readdirp/-/readdirp-4.1.2.tgz 0ms (cache hit)
1882 http cache file-uri-to-path@https://registry.npmjs.org/file-uri-to-path/-/file-uri-to-path-1.0.0.tgz 0ms (cache hit)
1883 http cache require-from-string@https://registry.npmjs.org/require-from-string/-/require-from-string-2.0.2.tgz 0ms (cache hit)
1884 http cache retry@https://registry.npmjs.org/retry/-/retry-0.13.1.tgz 0ms (cache hit)
1885 http cache json-schema-traverse@https://registry.npmjs.org/json-schema-traverse/-/json-schema-traverse-1.0.0.tgz 0ms (cache hit)
1886 http cache fast-deep-equal@https://registry.npmjs.org/fast-deep-equal/-/fast-deep-equal-3.1.3.tgz 0ms (cache hit)
1887 http cache strip-final-newline@https://registry.npmjs.org/strip-final-newline/-/strip-final-newline-2.0.0.tgz 0ms (cache hit)
1888 http cache json-schema-to-ts@https://registry.npmjs.org/json-schema-to-ts/-/json-schema-to-ts-1.6.4.tgz 0ms (cache hit)
1889 http cache uri-js@https://registry.npmjs.org/uri-js/-/uri-js-4.4.1.tgz 0ms (cache hit)
1890 http cache web-vitals@https://registry.npmjs.org/web-vitals/-/web-vitals-0.2.4.tgz 0ms (cache hit)
1891 http cache @vercel/gatsby-plugin-vercel-analytics@https://registry.npmjs.org/@vercel/gatsby-plugin-vercel-analytics/-/gatsby-plugin-vercel-analytics-1.0.11.tgz 0ms (cache hit)
1892 http cache @vercel/gatsby-plugin-vercel-builder@https://registry.npmjs.org/@vercel/gatsby-plugin-vercel-builder/-/gatsby-plugin-vercel-builder-2.0.127.tgz 0ms (cache hit)
1893 http cache ajv@https://registry.npmjs.org/ajv/-/ajv-8.6.3.tgz 0ms (cache hit)
1894 http cache @iarna/toml@https://registry.npmjs.org/@iarna/toml/-/toml-2.2.5.tgz 0ms (cache hit)
1895 http cache typescript5@https://registry.npmjs.org/typescript/-/typescript-5.9.3.tgz 0ms (cache hit)
1896 http cache @sinclair/typebox@https://registry.npmjs.org/@sinclair/typebox/-/typebox-0.25.24.tgz 0ms (cache hit)
1897 http cache ts-node@https://registry.npmjs.org/ts-node/-/ts-node-10.9.1.tgz 0ms (cache hit)
1898 http cache path-to-regexp-updated@https://registry.npmjs.org/path-to-regexp/-/path-to-regexp-6.3.0.tgz 0ms (cache hit)
1899 http cache es-module-lexer@https://registry.npmjs.org/es-module-lexer/-/es-module-lexer-1.4.1.tgz 0ms (cache hit)
1900 http cache mime-types@https://registry.npmjs.org/mime-types/-/mime-types-2.1.35.tgz 0ms (cache hit)
1901 http cache edge-runtime@https://registry.npmjs.org/edge-runtime/-/edge-runtime-2.5.9.tgz 0ms (cache hit)
1902 http cache @vercel/error-utils@https://registry.npmjs.org/@vercel/error-utils/-/error-utils-2.0.3.tgz 0ms (cache hit)
1903 http cache @types/node@https://registry.npmjs.org/@types/node/-/node-20.11.0.tgz 0ms (cache hit)
1904 http cache cjs-module-lexer@https://registry.npmjs.org/cjs-module-lexer/-/cjs-module-lexer-1.2.3.tgz 0ms (cache hit)
1905 http cache @edge-runtime/vm@https://registry.npmjs.org/@edge-runtime/vm/-/vm-3.2.0.tgz 0ms (cache hit)
1906 http cache @types/estree@https://registry.npmjs.org/@types/estree/-/estree-1.0.8.tgz 0ms (cache hit)
1907 http cache @edge-runtime/primitives@https://registry.npmjs.org/@edge-runtime/primitives/-/primitives-4.1.0.tgz 0ms (cache hit)
1908 http cache https-proxy-agent@https://registry.npmjs.org/https-proxy-agent/-/https-proxy-agent-7.0.6.tgz 0ms (cache hit)
1909 http cache undici-types@https://registry.npmjs.org/undici-types/-/undici-types-5.26.5.tgz 0ms (cache hit)
1910 http cache etag@https://registry.npmjs.org/etag/-/etag-1.8.1.tgz 0ms (cache hit)
1911 http cache nopt@https://registry.npmjs.org/nopt/-/nopt-8.1.0.tgz 0ms (cache hit)
1912 http cache detect-libc@https://registry.npmjs.org/detect-libc/-/detect-libc-2.1.2.tgz 0ms (cache hit)
1913 http cache consola@https://registry.npmjs.org/consola/-/consola-3.4.2.tgz 0ms (cache hit)
1914 http cache @edge-runtime/node-utils@https://registry.npmjs.org/@edge-runtime/node-utils/-/node-utils-2.3.0.tgz 0ms (cache hit)
1915 http cache path-key@https://registry.npmjs.org/path-key/-/path-key-3.1.1.tgz 0ms (cache hit)
1916 http cache async-listen@https://registry.npmjs.org/async-listen/-/async-listen-3.0.1.tgz 0ms (cache hit)
1917 http cache node-gyp-build@https://registry.npmjs.org/node-gyp-build/-/node-gyp-build-4.8.4.tgz 0ms (cache hit)
1918 http cache glob@https://registry.npmjs.org/glob/-/glob-13.0.1.tgz 0ms (cache hit)
1919 http cache bindings@https://registry.npmjs.org/bindings/-/bindings-1.5.0.tgz 0ms (cache hit)
1920 http cache graceful-fs@https://registry.npmjs.org/graceful-fs/-/graceful-fs-4.2.11.tgz 0ms (cache hit)
1921 http cache estree-walker@https://registry.npmjs.org/estree-walker/-/estree-walker-2.0.2.tgz 0ms (cache hit)
1922 http cache async-sema@https://registry.npmjs.org/async-sema/-/async-sema-3.1.1.tgz 0ms (cache hit)
1923 http cache acorn@https://registry.npmjs.org/acorn/-/acorn-8.15.0.tgz 0ms (cache hit)
1924 http cache acorn-import-attributes@https://registry.npmjs.org/acorn-import-attributes/-/acorn-import-attributes-1.9.5.tgz 0ms (cache hit)
1925 http cache @mapbox/node-pre-gyp@https://registry.npmjs.org/@mapbox/node-pre-gyp/-/node-pre-gyp-2.0.3.tgz 0ms (cache hit)
1926 http cache yallist@https://registry.npmjs.org/yallist/-/yallist-5.0.0.tgz 0ms (cache hit)
1927 http cache resolve-from@https://registry.npmjs.org/resolve-from/-/resolve-from-5.0.0.tgz 0ms (cache hit)
1928 http cache @rollup/pluginutils@https://registry.npmjs.org/@rollup/pluginutils/-/pluginutils-5.3.0.tgz 0ms (cache hit)
1929 http cache yauzl-promise@https://registry.npmjs.org/yauzl-promise/-/yauzl-promise-2.1.3.tgz 0ms (cache hit)
1930 http cache minizlib@https://registry.npmjs.org/minizlib/-/minizlib-3.1.0.tgz 0ms (cache hit)
1931 http cache tar@https://registry.npmjs.org/tar/-/tar-7.5.7.tgz 0ms (cache hit)
1932 http cache xdg-app-paths@https://registry.npmjs.org/xdg-app-paths/-/xdg-app-paths-5.1.0.tgz 0ms (cache hit)
1933 http cache uid-promise@https://registry.npmjs.org/uid-promise/-/uid-promise-1.0.0.tgz 0ms (cache hit)
1934 http cache tinyexec@https://registry.npmjs.org/tinyexec/-/tinyexec-0.3.2.tgz 0ms (cache hit)
1935 http cache tree-kill@https://registry.npmjs.org/tree-kill/-/tree-kill-1.2.2.tgz 0ms (cache hit)
1936 http cache chownr@https://registry.npmjs.org/chownr/-/chownr-3.0.0.tgz 0ms (cache hit)
1937 http cache minipass@https://registry.npmjs.org/minipass/-/minipass-5.0.0.tgz 0ms (cache hit)
1938 http cache tar@https://registry.npmjs.org/tar/-/tar-6.2.1.tgz 0ms (cache hit)
1939 http cache stream-to-promise@https://registry.npmjs.org/stream-to-promise/-/stream-to-promise-2.2.0.tgz 0ms (cache hit)
1940 http cache end-of-stream@https://registry.npmjs.org/end-of-stream/-/end-of-stream-1.1.0.tgz 0ms (cache hit)
1941 http cache semver@https://registry.npmjs.org/semver/-/semver-7.5.4.tgz 0ms (cache hit)
1942 http cache stat-mode@https://registry.npmjs.org/stat-mode/-/stat-mode-0.3.0.tgz 0ms (cache hit)
1943 http cache lru-cache@https://registry.npmjs.org/lru-cache/-/lru-cache-6.0.0.tgz 0ms (cache hit)
1944 http cache once@https://registry.npmjs.org/once/-/once-1.3.3.tgz 0ms (cache hit)
1945 http cache promisepipe@https://registry.npmjs.org/promisepipe/-/promisepipe-3.0.0.tgz 0ms (cache hit)
1946 http cache ms@https://registry.npmjs.org/ms/-/ms-2.1.1.tgz 0ms (cache hit)
1947 http cache generic-pool@https://registry.npmjs.org/generic-pool/-/generic-pool-3.4.2.tgz 0ms (cache hit)
1948 http cache node-fetch@https://registry.npmjs.org/node-fetch/-/node-fetch-2.6.7.tgz 1ms (cache hit)
1949 http cache debug@https://registry.npmjs.org/debug/-/debug-4.3.4.tgz 0ms (cache hit)
1950 http cache ms@https://registry.npmjs.org/ms/-/ms-2.1.2.tgz 0ms (cache hit)
1951 http cache @tootallnate/once@https://registry.npmjs.org/@tootallnate/once/-/once-2.0.0.tgz 0ms (cache hit)
1952 http cache ts-morph@https://registry.npmjs.org/ts-morph/-/ts-morph-12.0.0.tgz 0ms (cache hit)
1953 http cache async-listen@https://registry.npmjs.org/async-listen/-/async-listen-1.2.0.tgz 0ms (cache hit)
1954 http cache @vercel/cervel@https://registry.npmjs.org/@vercel/cervel/-/cervel-0.0.12.tgz 0ms (cache hit)
1955 http cache @vercel/static-config@https://registry.npmjs.org/@vercel/static-config/-/static-config-3.1.2.tgz 0ms (cache hit)
1956 http cache throttleit@https://registry.npmjs.org/throttleit/-/throttleit-2.1.0.tgz 0ms (cache hit)
1957 http cache is-node-process@https://registry.npmjs.org/is-node-process/-/is-node-process-1.2.0.tgz 0ms (cache hit)
1958 http cache undici@https://registry.npmjs.org/undici/-/undici-5.29.0.tgz 0ms (cache hit)
1959 http cache is-buffer@https://registry.npmjs.org/is-buffer/-/is-buffer-2.0.5.tgz 0ms (cache hit)
1960 http cache async-retry@https://registry.npmjs.org/async-retry/-/async-retry-1.3.3.tgz 0ms (cache hit)
1961 http cache srvx@https://registry.npmjs.org/srvx/-/srvx-0.8.9.tgz 0ms (cache hit)
1962 http cache tsx@https://registry.npmjs.org/tsx/-/tsx-4.21.0.tgz 0ms (cache hit)
1963 http cache zod@https://registry.npmjs.org/zod/-/zod-3.22.4.tgz 1ms (cache hit)
1964 http cache rolldown@https://registry.npmjs.org/rolldown/-/rolldown-1.0.0-rc.1.tgz 0ms (cache hit)
1965 http cache resolve.exports@https://registry.npmjs.org/resolve.exports/-/resolve.exports-2.0.3.tgz 0ms (cache hit)
1966 http cache oxc-transform@https://registry.npmjs.org/oxc-transform/-/oxc-transform-0.111.0.tgz 0ms (cache hit)
1967 http cache fs-extra@https://registry.npmjs.org/fs-extra/-/fs-extra-11.1.0.tgz 0ms (cache hit)
1968 http cache path-to-regexp@https://registry.npmjs.org/path-to-regexp/-/path-to-regexp-8.3.0.tgz 0ms (cache hit)
1969 http cache execa@https://registry.npmjs.org/execa/-/execa-3.2.0.tgz 0ms (cache hit)
1970 http cache signal-exit@https://registry.npmjs.org/signal-exit/-/signal-exit-3.0.7.tgz 0ms (cache hit)
1971 http cache jose@https://registry.npmjs.org/jose/-/jose-5.9.6.tgz 0ms (cache hit)
1972 http cache form-data@https://registry.npmjs.org/form-data/-/form-data-4.0.5.tgz 0ms (cache hit)
1973 http cache micro@https://registry.npmjs.org/micro/-/micro-9.3.5-canary.3.tgz 0ms (cache hit)
1974 http cache @vercel/nft@https://registry.npmjs.org/@vercel/nft/-/nft-1.3.0.tgz 0ms (cache hit)
1975 http cache esbuild@https://registry.npmjs.org/esbuild/-/esbuild-0.27.0.tgz 0ms (cache hit)
1976 http cache signal-exit@https://registry.npmjs.org/signal-exit/-/signal-exit-3.0.7.tgz 0ms (cache hit)
1977 http cache chokidar@https://registry.npmjs.org/chokidar/-/chokidar-4.0.0.tgz 0ms (cache hit)
1978 http cache human-signals@https://registry.npmjs.org/human-signals/-/human-signals-2.1.0.tgz 0ms (cache hit)
1979 http cache @vercel/rust@https://registry.npmjs.org/@vercel/rust/-/rust-1.0.5.tgz 0ms (cache hit)
1980 http cache get-stream@https://registry.npmjs.org/get-stream/-/get-stream-6.0.1.tgz 0ms (cache hit)
1981 http cache execa@https://registry.npmjs.org/execa/-/execa-5.1.1.tgz 0ms (cache hit)
1982 http cache @vercel/remix-builder@https://registry.npmjs.org/@vercel/remix-builder/-/remix-builder-5.5.10.tgz 0ms (cache hit)
1983 http cache path-to-regexp@https://registry.npmjs.org/path-to-regexp/-/path-to-regexp-6.1.0.tgz 0ms (cache hit)
1984 http cache @vercel/ruby@https://registry.npmjs.org/@vercel/ruby/-/ruby-2.2.5.tgz 0ms (cache hit)
1985 http cache @vercel/nft@https://registry.npmjs.org/@vercel/nft/-/nft-1.1.1.tgz 0ms (cache hit)
1986 http cache @vercel/redwood@https://registry.npmjs.org/@vercel/redwood/-/redwood-2.4.9.tgz 0ms (cache hit)
1987 http cache @vercel/nft@https://registry.npmjs.org/@vercel/nft/-/nft-1.1.1.tgz 0ms (cache hit)
1988 http cache @vercel/python@https://registry.npmjs.org/@vercel/python/-/python-6.5.0.tgz 0ms (cache hit)
1989 http cache semver@https://registry.npmjs.org/semver/-/semver-6.3.1.tgz 0ms (cache hit)
1990 http cache @vercel/node@https://registry.npmjs.org/@vercel/node/-/node-5.5.28.tgz 0ms (cache hit)
1991 http cache undici@https://registry.npmjs.org/undici/-/undici-5.28.4.tgz 0ms (cache hit)
1992 http cache path-to-regexp@https://registry.npmjs.org/path-to-regexp/-/path-to-regexp-6.1.0.tgz 0ms (cache hit)
1993 http cache node-fetch@https://registry.npmjs.org/node-fetch/-/node-fetch-2.6.9.tgz 0ms (cache hit)
1994 http cache async-listen@https://registry.npmjs.org/async-listen/-/async-listen-3.0.0.tgz 0ms (cache hit)
1995 http cache typescript@https://registry.npmjs.org/typescript/-/typescript-4.9.5.tgz 0ms (cache hit)
1996 http cache @vercel/nft@https://registry.npmjs.org/@vercel/nft/-/nft-1.1.1.tgz 0ms (cache hit)
1997 http cache @vercel/nft@https://registry.npmjs.org/@vercel/nft/-/nft-1.1.1.tgz 0ms (cache hit)
1998 http cache @vercel/next@https://registry.npmjs.org/@vercel/next/-/next-4.15.21.tgz 0ms (cache hit)
1999 http cache depd@https://registry.npmjs.org/depd/-/depd-1.1.2.tgz 0ms (cache hit)
2000 http cache @vercel/nestjs@https://registry.npmjs.org/@vercel/nestjs/-/nestjs-0.2.31.tgz 0ms (cache hit)
2001 http cache @vercel/hydrogen@https://registry.npmjs.org/@vercel/hydrogen/-/hydrogen-1.3.5.tgz 0ms (cache hit)
2002 http cache @vercel/nft@https://registry.npmjs.org/@vercel/nft/-/nft-1.1.1.tgz 0ms (cache hit)
2003 http cache @vercel/hono@https://registry.npmjs.org/@vercel/hono/-/hono-0.2.30.tgz 0ms (cache hit)
2004 http cache @vercel/h3@https://registry.npmjs.org/@vercel/h3/-/h3-0.1.36.tgz 0ms (cache hit)
2005 http cache @vercel/go@https://registry.npmjs.org/@vercel/go/-/go-3.3.4.tgz 0ms (cache hit)
2006 http cache path-to-regexp@https://registry.npmjs.org/path-to-regexp/-/path-to-regexp-8.2.0.tgz 0ms (cache hit)
2007 http cache @vercel/fastify@https://registry.npmjs.org/@vercel/fastify/-/fastify-0.1.30.tgz 0ms (cache hit)
2008 http cache @vercel/express@https://registry.npmjs.org/@vercel/express/-/express-0.1.36.tgz 0ms (cache hit)
2009 http cache @vercel/fun@https://registry.npmjs.org/@vercel/fun/-/fun-1.2.1.tgz 0ms (cache hit)
2010 http cache @vercel/static-build@https://registry.npmjs.org/@vercel/static-build/-/static-build-2.8.28.tgz 0ms (cache hit)
2011 http cache @vercel/nft@https://registry.npmjs.org/@vercel/nft/-/nft-1.1.1.tgz 0ms (cache hit)
2012 http cache @vercel/elysia@https://registry.npmjs.org/@vercel/elysia/-/elysia-0.1.27.tgz 0ms (cache hit)
2013 http cache @vercel/blob@https://registry.npmjs.org/@vercel/blob/-/blob-1.0.2.tgz 0ms (cache hit)
2014 http cache typescript@https://registry.npmjs.org/typescript/-/typescript-5.9.3.tgz 0ms (cache hit)
2015 http cache @vercel/detect-agent@https://registry.npmjs.org/@vercel/detect-agent/-/detect-agent-1.1.0.tgz 0ms (cache hit)
2016 http cache @vercel/backends@https://registry.npmjs.org/@vercel/backends/-/backends-0.0.25.tgz 0ms (cache hit)
2017 http cache @vercel/koa@https://registry.npmjs.org/@vercel/koa/-/koa-0.1.10.tgz 0ms (cache hit)
2018 silly tarball no local data for vercel@https://registry.npmjs.org/vercel/-/vercel-50.10.0.tgz. Extracting by manifest.
2019 silly tarball no local data for @isaacs/fs-minipass@https://registry.npmjs.org/@isaacs/fs-minipass/-/fs-minipass-4.0.1.tgz. Extracting by manifest.
2020 http cache picomatch@https://registry.npmjs.org/picomatch/-/picomatch-4.0.3.tgz 0ms (cache hit)
2021 silly tarball no local data for events-intercept@https://registry.npmjs.org/events-intercept/-/events-intercept-2.0.0.tgz. Extracting by manifest.
2022 silly tarball no local data for pend@https://registry.npmjs.org/pend/-/pend-1.2.0.tgz. Extracting by manifest.
2023 silly tarball no local data for buffer-crc32@https://registry.npmjs.org/buffer-crc32/-/buffer-crc32-0.2.13.tgz. Extracting by manifest.
2024 http cache @fastify/busboy@https://registry.npmjs.org/@fastify/busboy/-/busboy-2.1.1.tgz 1ms (cache hit)
2025 http cache @jridgewell/trace-mapping@https://registry.npmjs.org/@jridgewell/trace-mapping/-/trace-mapping-0.3.9.tgz 0ms (cache hit)
2026 silly tarball no local data for fd-slicer@https://registry.npmjs.org/fd-slicer/-/fd-slicer-1.1.0.tgz. Extracting by manifest.
2027 silly tarball no local data for yauzl-clone@https://registry.npmjs.org/yauzl-clone/-/yauzl-clone-1.0.4.tgz. Extracting by manifest.
2028 silly tarball no local data for os-paths@https://registry.npmjs.org/os-paths/-/os-paths-4.4.0.tgz. Extracting by manifest.
2029 silly tarball no local data for xdg-portable@https://registry.npmjs.org/xdg-portable/-/xdg-portable-7.3.0.tgz. Extracting by manifest.
2030 silly tarball no local data for yn@https://registry.npmjs.org/yn/-/yn-3.1.1.tgz. Extracting by manifest.
2031 silly tarball no local data for v8-compile-cache-lib@https://registry.npmjs.org/v8-compile-cache-lib/-/v8-compile-cache-lib-3.0.1.tgz. Extracting by manifest.
2032 silly tarball no local data for make-error@https://registry.npmjs.org/make-error/-/make-error-1.3.6.tgz. Extracting by manifest.
2033 silly tarball no local data for yauzl@https://registry.npmjs.org/yauzl/-/yauzl-2.10.0.tgz. Extracting by manifest.
2034 http cache @vercel/build-utils@https://registry.npmjs.org/@vercel/build-utils/-/build-utils-13.2.16.tgz 0ms (cache hit)
2035 silly tarball no local data for diff@https://registry.npmjs.org/diff/-/diff-4.0.4.tgz. Extracting by manifest.
2036 silly tarball no local data for acorn-walk@https://registry.npmjs.org/acorn-walk/-/acorn-walk-8.3.4.tgz. Extracting by manifest.
2037 silly tarball no local data for @tsconfig/node16@https://registry.npmjs.org/@tsconfig/node16/-/node16-1.0.4.tgz. Extracting by manifest.
2038 silly tarball no local data for @cspotcode/source-map-support@https://registry.npmjs.org/@cspotcode/source-map-support/-/source-map-support-0.8.1.tgz. Extracting by manifest.
2039 silly tarball no local data for @tsconfig/node10@https://registry.npmjs.org/@tsconfig/node10/-/node10-1.0.12.tgz. Extracting by manifest.
2040 silly tarball no local data for path-browserify@https://registry.npmjs.org/path-browserify/-/path-browserify-1.0.1.tgz. Extracting by manifest.
2041 silly tarball no local data for code-block-writer@https://registry.npmjs.org/code-block-writer/-/code-block-writer-10.1.1.tgz. Extracting by manifest.
2042 silly tarball no local data for @ts-morph/common@https://registry.npmjs.org/@ts-morph/common/-/common-0.11.1.tgz. Extracting by manifest.
2043 silly tarball no local data for convert-hrtime@https://registry.npmjs.org/convert-hrtime/-/convert-hrtime-3.0.0.tgz. Extracting by manifest.
2044 silly tarball no local data for yallist@https://registry.npmjs.org/yallist/-/yallist-4.0.0.tgz. Extracting by manifest.
2045 silly tarball no local data for mkdirp@https://registry.npmjs.org/mkdirp/-/mkdirp-1.0.4.tgz. Extracting by manifest.
2046 silly tarball no local data for minizlib@https://registry.npmjs.org/minizlib/-/minizlib-2.1.2.tgz. Extracting by manifest.
2047 silly tarball no local data for minipass@https://registry.npmjs.org/minipass/-/minipass-3.3.6.tgz. Extracting by manifest.
2048 silly tarball no local data for minipass@https://registry.npmjs.org/minipass/-/minipass-3.3.6.tgz. Extracting by manifest.
2049 silly tarball no local data for chownr@https://registry.npmjs.org/chownr/-/chownr-2.0.0.tgz. Extracting by manifest.
2050 silly tarball no local data for fs-minipass@https://registry.npmjs.org/fs-minipass/-/fs-minipass-2.1.0.tgz. Extracting by manifest.
2051 silly tarball no local data for stream-to-array@https://registry.npmjs.org/stream-to-array/-/stream-to-array-2.3.0.tgz. Extracting by manifest.
2052 silly tarball no local data for @rolldown/binding-android-arm64@https://registry.npmjs.org/@rolldown/binding-android-arm64/-/binding-android-arm64-1.0.0-rc.1.tgz. Extracting by manifest.
2053 silly tarball no local data for @oxc-project/types@https://registry.npmjs.org/@oxc-project/types/-/types-0.110.0.tgz. Extracting by manifest.
2054 silly tarball no local data for @rolldown/pluginutils@https://registry.npmjs.org/@rolldown/pluginutils/-/pluginutils-1.0.0-rc.1.tgz. Extracting by manifest.
2055 silly tarball no local data for safer-buffer@https://registry.npmjs.org/safer-buffer/-/safer-buffer-2.1.2.tgz. Extracting by manifest.
2056 silly tarball no local data for toidentifier@https://registry.npmjs.org/toidentifier/-/toidentifier-1.0.0.tgz. Extracting by manifest.
2057 silly tarball no local data for cookie-es@https://registry.npmjs.org/cookie-es/-/cookie-es-2.0.0.tgz. Extracting by manifest.
2058 silly tarball no local data for statuses@https://registry.npmjs.org/statuses/-/statuses-1.5.0.tgz. Extracting by manifest.
2059 silly tarball no local data for unpipe@https://registry.npmjs.org/unpipe/-/unpipe-1.0.0.tgz. Extracting by manifest.
2060 silly tarball no local data for @tsconfig/node14@https://registry.npmjs.org/@tsconfig/node14/-/node14-1.0.3.tgz. Extracting by manifest.
2061 silly tarball no local data for @tsconfig/node12@https://registry.npmjs.org/@tsconfig/node12/-/node12-1.0.11.tgz. Extracting by manifest.
2062 silly tarball no local data for iconv-lite@https://registry.npmjs.org/iconv-lite/-/iconv-lite-0.4.24.tgz. Extracting by manifest.
2063 silly tarball no local data for bytes@https://registry.npmjs.org/bytes/-/bytes-3.1.0.tgz. Extracting by manifest.
2064 silly tarball no local data for setprototypeof@https://registry.npmjs.org/setprototypeof/-/setprototypeof-1.1.1.tgz. Extracting by manifest.
2065 silly tarball no local data for http-errors@https://registry.npmjs.org/http-errors/-/http-errors-1.7.3.tgz. Extracting by manifest.
2066 silly tarball no local data for lru-cache@https://registry.npmjs.org/lru-cache/-/lru-cache-11.2.5.tgz. Extracting by manifest.
2067 silly tarball no local data for end-of-stream@https://registry.npmjs.org/end-of-stream/-/end-of-stream-1.4.5.tgz. Extracting by manifest.
2068 silly tarball no local data for @emnapi/wasi-threads@https://registry.npmjs.org/@emnapi/wasi-threads/-/wasi-threads-1.1.0.tgz. Extracting by manifest.
2069 silly tarball no local data for @tybys/wasm-util@https://registry.npmjs.org/@tybys/wasm-util/-/wasm-util-0.10.1.tgz. Extracting by manifest.
2070 silly tarball no local data for @napi-rs/wasm-runtime@https://registry.npmjs.org/@napi-rs/wasm-runtime/-/wasm-runtime-1.1.1.tgz. Extracting by manifest.
2071 silly tarball no local data for @emnapi/core@https://registry.npmjs.org/@emnapi/core/-/core-1.8.1.tgz. Extracting by manifest.
2072 silly tarball no local data for mimic-fn@https://registry.npmjs.org/mimic-fn/-/mimic-fn-2.1.0.tgz. Extracting by manifest.
2073 silly tarball no local data for parse-ms@https://registry.npmjs.org/parse-ms/-/parse-ms-2.1.0.tgz. Extracting by manifest.
2074 silly tarball no local data for abbrev@https://registry.npmjs.org/abbrev/-/abbrev-3.0.1.tgz. Extracting by manifest.
2075 silly tarball no local data for @oxc-transform/binding-android-arm64@https://registry.npmjs.org/@oxc-transform/binding-android-arm64/-/binding-android-arm64-0.111.0.tgz. Extracting by manifest.
2076 silly tarball no local data for @isaacs/brace-expansion@https://registry.npmjs.org/@isaacs/brace-expansion/-/brace-expansion-5.0.1.tgz. Extracting by manifest.
2077 silly tarball no local data for @isaacs/balanced-match@https://registry.npmjs.org/@isaacs/balanced-match/-/balanced-match-4.0.1.tgz. Extracting by manifest.
2078 silly tarball no local data for raw-body@https://registry.npmjs.org/raw-body/-/raw-body-2.4.1.tgz. Extracting by manifest.
2079 silly tarball no local data for arg@https://registry.npmjs.org/arg/-/arg-4.1.0.tgz. Extracting by manifest.
2080 silly tarball no local data for content-type@https://registry.npmjs.org/content-type/-/content-type-1.0.4.tgz. Extracting by manifest.
2081 silly tarball no local data for agent-base@https://registry.npmjs.org/agent-base/-/agent-base-7.1.4.tgz. Extracting by manifest.
2082 silly tarball no local data for path-scurry@https://registry.npmjs.org/path-scurry/-/path-scurry-2.0.1.tgz. Extracting by manifest.
2083 silly tarball no local data for @types/json-schema@https://registry.npmjs.org/@types/json-schema/-/json-schema-7.0.15.tgz. Extracting by manifest.
2084 silly tarball no local data for minimatch@https://registry.npmjs.org/minimatch/-/minimatch-10.1.2.tgz. Extracting by manifest.
2085 silly tarball no local data for ts-toolbelt@https://registry.npmjs.org/ts-toolbelt/-/ts-toolbelt-6.15.5.tgz. Extracting by manifest.
2086 silly tarball no local data for pump@https://registry.npmjs.org/pump/-/pump-3.0.3.tgz. Extracting by manifest.
2087 silly tarball no local data for universalify@https://registry.npmjs.org/universalify/-/universalify-2.0.1.tgz. Extracting by manifest.
2088 silly tarball no local data for jsonfile@https://registry.npmjs.org/jsonfile/-/jsonfile-6.2.0.tgz. Extracting by manifest.
2089 silly tarball no local data for create-require@https://registry.npmjs.org/create-require/-/create-require-1.1.1.tgz. Extracting by manifest.
2090 silly tarball no local data for npm-run-path@https://registry.npmjs.org/npm-run-path/-/npm-run-path-4.0.1.tgz. Extracting by manifest.
2091 silly tarball no local data for onetime@https://registry.npmjs.org/onetime/-/onetime-5.1.2.tgz. Extracting by manifest.
2092 silly tarball no local data for is-stream@https://registry.npmjs.org/is-stream/-/is-stream-2.0.1.tgz. Extracting by manifest.
2093 silly tarball no local data for p-finally@https://registry.npmjs.org/p-finally/-/p-finally-2.0.1.tgz. Extracting by manifest.
2094 silly tarball no local data for merge-stream@https://registry.npmjs.org/merge-stream/-/merge-stream-2.0.0.tgz. Extracting by manifest.
2095 silly tarball no local data for human-signals@https://registry.npmjs.org/human-signals/-/human-signals-1.1.1.tgz. Extracting by manifest.
2096 silly tarball no local data for @esbuild/android-arm64@https://registry.npmjs.org/@esbuild/android-arm64/-/android-arm64-0.27.0.tgz. Extracting by manifest.
2097 silly tarball no local data for get-stream@https://registry.npmjs.org/get-stream/-/get-stream-5.2.0.tgz. Extracting by manifest.
2098 silly tarball no local data for pretty-ms@https://registry.npmjs.org/pretty-ms/-/pretty-ms-7.0.1.tgz. Extracting by manifest.
2099 silly tarball no local data for time-span@https://registry.npmjs.org/time-span/-/time-span-4.0.0.tgz. Extracting by manifest.
2100 silly tarball no local data for signal-exit@https://registry.npmjs.org/signal-exit/-/signal-exit-4.0.2.tgz. Extracting by manifest.
2101 silly tarball no local data for picocolors@https://registry.npmjs.org/picocolors/-/picocolors-1.0.0.tgz. Extracting by manifest.
2102 silly tarball no local data for @edge-runtime/ponyfill@https://registry.npmjs.org/@edge-runtime/ponyfill/-/ponyfill-2.4.2.tgz. Extracting by manifest.
2103 silly tarball no local data for mri@https://registry.npmjs.org/mri/-/mri-1.2.0.tgz. Extracting by manifest.
2104 silly tarball no local data for @edge-runtime/format@https://registry.npmjs.org/@edge-runtime/format/-/format-2.2.1.tgz. Extracting by manifest.
2105 silly tarball no local data for readdirp@https://registry.npmjs.org/readdirp/-/readdirp-4.1.2.tgz. Extracting by manifest.
2106 silly tarball no local data for file-uri-to-path@https://registry.npmjs.org/file-uri-to-path/-/file-uri-to-path-1.0.0.tgz. Extracting by manifest.
2107 silly tarball no local data for require-from-string@https://registry.npmjs.org/require-from-string/-/require-from-string-2.0.2.tgz. Extracting by manifest.
2108 silly tarball no local data for retry@https://registry.npmjs.org/retry/-/retry-0.13.1.tgz. Extracting by manifest.
2109 silly tarball no local data for json-schema-traverse@https://registry.npmjs.org/json-schema-traverse/-/json-schema-traverse-1.0.0.tgz. Extracting by manifest.
2110 silly tarball no local data for strip-final-newline@https://registry.npmjs.org/strip-final-newline/-/strip-final-newline-2.0.0.tgz. Extracting by manifest.
2111 silly tarball no local data for json-schema-to-ts@https://registry.npmjs.org/json-schema-to-ts/-/json-schema-to-ts-1.6.4.tgz. Extracting by manifest.
2112 silly tarball no local data for web-vitals@https://registry.npmjs.org/web-vitals/-/web-vitals-0.2.4.tgz. Extracting by manifest.
2113 silly tarball no local data for @vercel/gatsby-plugin-vercel-analytics@https://registry.npmjs.org/@vercel/gatsby-plugin-vercel-analytics/-/gatsby-plugin-vercel-analytics-1.0.11.tgz. Extracting by manifest.
2114 silly tarball no local data for @vercel/gatsby-plugin-vercel-builder@https://registry.npmjs.org/@vercel/gatsby-plugin-vercel-builder/-/gatsby-plugin-vercel-builder-2.0.127.tgz. Extracting by manifest.
2115 silly tarball no local data for ajv@https://registry.npmjs.org/ajv/-/ajv-8.6.3.tgz. Extracting by manifest.
2116 silly tarball no local data for @iarna/toml@https://registry.npmjs.org/@iarna/toml/-/toml-2.2.5.tgz. Extracting by manifest.
2117 silly tarball no local data for @sinclair/typebox@https://registry.npmjs.org/@sinclair/typebox/-/typebox-0.25.24.tgz. Extracting by manifest.
2118 silly tarball no local data for ts-node@https://registry.npmjs.org/ts-node/-/ts-node-10.9.1.tgz. Extracting by manifest.
2119 silly tarball no local data for path-to-regexp-updated@https://registry.npmjs.org/path-to-regexp/-/path-to-regexp-6.3.0.tgz. Extracting by manifest.
2120 silly tarball no local data for es-module-lexer@https://registry.npmjs.org/es-module-lexer/-/es-module-lexer-1.4.1.tgz. Extracting by manifest.
2121 silly tarball no local data for edge-runtime@https://registry.npmjs.org/edge-runtime/-/edge-runtime-2.5.9.tgz. Extracting by manifest.
2122 silly tarball no local data for @vercel/error-utils@https://registry.npmjs.org/@vercel/error-utils/-/error-utils-2.0.3.tgz. Extracting by manifest.
2123 silly tarball no local data for @types/node@https://registry.npmjs.org/@types/node/-/node-20.11.0.tgz. Extracting by manifest.
2124 silly tarball no local data for cjs-module-lexer@https://registry.npmjs.org/cjs-module-lexer/-/cjs-module-lexer-1.2.3.tgz. Extracting by manifest.
2125 silly tarball no local data for @edge-runtime/vm@https://registry.npmjs.org/@edge-runtime/vm/-/vm-3.2.0.tgz. Extracting by manifest.
2126 silly tarball no local data for @edge-runtime/primitives@https://registry.npmjs.org/@edge-runtime/primitives/-/primitives-4.1.0.tgz. Extracting by manifest.
2127 silly tarball no local data for https-proxy-agent@https://registry.npmjs.org/https-proxy-agent/-/https-proxy-agent-7.0.6.tgz. Extracting by manifest.
2128 silly tarball no local data for etag@https://registry.npmjs.org/etag/-/etag-1.8.1.tgz. Extracting by manifest.
2129 silly tarball no local data for nopt@https://registry.npmjs.org/nopt/-/nopt-8.1.0.tgz. Extracting by manifest.
2130 silly tarball no local data for consola@https://registry.npmjs.org/consola/-/consola-3.4.2.tgz. Extracting by manifest.
2131 silly tarball no local data for @edge-runtime/node-utils@https://registry.npmjs.org/@edge-runtime/node-utils/-/node-utils-2.3.0.tgz. Extracting by manifest.
2132 silly tarball no local data for async-listen@https://registry.npmjs.org/async-listen/-/async-listen-3.0.1.tgz. Extracting by manifest.
2133 silly tarball no local data for node-gyp-build@https://registry.npmjs.org/node-gyp-build/-/node-gyp-build-4.8.4.tgz. Extracting by manifest.
2134 silly tarball no local data for glob@https://registry.npmjs.org/glob/-/glob-13.0.1.tgz. Extracting by manifest.
2135 silly tarball no local data for bindings@https://registry.npmjs.org/bindings/-/bindings-1.5.0.tgz. Extracting by manifest.
2136 silly tarball no local data for async-sema@https://registry.npmjs.org/async-sema/-/async-sema-3.1.1.tgz. Extracting by manifest.
2137 silly tarball no local data for acorn-import-attributes@https://registry.npmjs.org/acorn-import-attributes/-/acorn-import-attributes-1.9.5.tgz. Extracting by manifest.
2138 silly tarball no local data for @mapbox/node-pre-gyp@https://registry.npmjs.org/@mapbox/node-pre-gyp/-/node-pre-gyp-2.0.3.tgz. Extracting by manifest.
2139 silly tarball no local data for yallist@https://registry.npmjs.org/yallist/-/yallist-5.0.0.tgz. Extracting by manifest.
2140 silly tarball no local data for resolve-from@https://registry.npmjs.org/resolve-from/-/resolve-from-5.0.0.tgz. Extracting by manifest.
2141 silly tarball no local data for @rollup/pluginutils@https://registry.npmjs.org/@rollup/pluginutils/-/pluginutils-5.3.0.tgz. Extracting by manifest.
2142 silly tarball no local data for yauzl-promise@https://registry.npmjs.org/yauzl-promise/-/yauzl-promise-2.1.3.tgz. Extracting by manifest.
2143 silly tarball no local data for minizlib@https://registry.npmjs.org/minizlib/-/minizlib-3.1.0.tgz. Extracting by manifest.
2144 silly tarball no local data for tar@https://registry.npmjs.org/tar/-/tar-7.5.7.tgz. Extracting by manifest.
2145 silly tarball no local data for uid-promise@https://registry.npmjs.org/uid-promise/-/uid-promise-1.0.0.tgz. Extracting by manifest.
2146 silly tarball no local data for xdg-app-paths@https://registry.npmjs.org/xdg-app-paths/-/xdg-app-paths-5.1.0.tgz. Extracting by manifest.
2147 silly tarball no local data for tinyexec@https://registry.npmjs.org/tinyexec/-/tinyexec-0.3.2.tgz. Extracting by manifest.
2148 silly tarball no local data for tree-kill@https://registry.npmjs.org/tree-kill/-/tree-kill-1.2.2.tgz. Extracting by manifest.
2149 silly tarball no local data for chownr@https://registry.npmjs.org/chownr/-/chownr-3.0.0.tgz. Extracting by manifest.
2150 silly tarball no local data for minipass@https://registry.npmjs.org/minipass/-/minipass-5.0.0.tgz. Extracting by manifest.
2151 silly tarball no local data for tar@https://registry.npmjs.org/tar/-/tar-6.2.1.tgz. Extracting by manifest.
2152 silly tarball no local data for stream-to-promise@https://registry.npmjs.org/stream-to-promise/-/stream-to-promise-2.2.0.tgz. Extracting by manifest.
2153 silly tarball no local data for end-of-stream@https://registry.npmjs.org/end-of-stream/-/end-of-stream-1.1.0.tgz. Extracting by manifest.
2154 silly tarball no local data for semver@https://registry.npmjs.org/semver/-/semver-7.5.4.tgz. Extracting by manifest.
2155 silly tarball no local data for stat-mode@https://registry.npmjs.org/stat-mode/-/stat-mode-0.3.0.tgz. Extracting by manifest.
2156 silly tarball no local data for lru-cache@https://registry.npmjs.org/lru-cache/-/lru-cache-6.0.0.tgz. Extracting by manifest.
2157 silly tarball no local data for once@https://registry.npmjs.org/once/-/once-1.3.3.tgz. Extracting by manifest.
2158 silly tarball no local data for promisepipe@https://registry.npmjs.org/promisepipe/-/promisepipe-3.0.0.tgz. Extracting by manifest.
2159 silly tarball no local data for ms@https://registry.npmjs.org/ms/-/ms-2.1.1.tgz. Extracting by manifest.
2160 silly tarball no local data for generic-pool@https://registry.npmjs.org/generic-pool/-/generic-pool-3.4.2.tgz. Extracting by manifest.
2161 silly tarball no local data for node-fetch@https://registry.npmjs.org/node-fetch/-/node-fetch-2.6.7.tgz. Extracting by manifest.
2162 silly tarball no local data for debug@https://registry.npmjs.org/debug/-/debug-4.3.4.tgz. Extracting by manifest.
2163 silly tarball no local data for ms@https://registry.npmjs.org/ms/-/ms-2.1.2.tgz. Extracting by manifest.
2164 silly tarball no local data for @tootallnate/once@https://registry.npmjs.org/@tootallnate/once/-/once-2.0.0.tgz. Extracting by manifest.
2165 silly tarball no local data for ts-morph@https://registry.npmjs.org/ts-morph/-/ts-morph-12.0.0.tgz. Extracting by manifest.
2166 silly tarball no local data for async-listen@https://registry.npmjs.org/async-listen/-/async-listen-1.2.0.tgz. Extracting by manifest.
2167 silly tarball no local data for @vercel/cervel@https://registry.npmjs.org/@vercel/cervel/-/cervel-0.0.12.tgz. Extracting by manifest.
2168 silly tarball no local data for @vercel/static-config@https://registry.npmjs.org/@vercel/static-config/-/static-config-3.1.2.tgz. Extracting by manifest.
2169 silly tarball no local data for is-node-process@https://registry.npmjs.org/is-node-process/-/is-node-process-1.2.0.tgz. Extracting by manifest.
2170 silly tarball no local data for undici@https://registry.npmjs.org/undici/-/undici-5.29.0.tgz. Extracting by manifest.
2171 silly tarball no local data for is-buffer@https://registry.npmjs.org/is-buffer/-/is-buffer-2.0.5.tgz. Extracting by manifest.
2172 silly tarball no local data for async-retry@https://registry.npmjs.org/async-retry/-/async-retry-1.3.3.tgz. Extracting by manifest.
2173 silly tarball no local data for srvx@https://registry.npmjs.org/srvx/-/srvx-0.8.9.tgz. Extracting by manifest.
2174 silly tarball no local data for tsx@https://registry.npmjs.org/tsx/-/tsx-4.21.0.tgz. Extracting by manifest.
2175 silly tarball no local data for zod@https://registry.npmjs.org/zod/-/zod-3.22.4.tgz. Extracting by manifest.
2176 silly tarball no local data for rolldown@https://registry.npmjs.org/rolldown/-/rolldown-1.0.0-rc.1.tgz. Extracting by manifest.
2177 silly tarball no local data for resolve.exports@https://registry.npmjs.org/resolve.exports/-/resolve.exports-2.0.3.tgz. Extracting by manifest.
2178 silly tarball no local data for oxc-transform@https://registry.npmjs.org/oxc-transform/-/oxc-transform-0.111.0.tgz. Extracting by manifest.
2179 silly tarball no local data for fs-extra@https://registry.npmjs.org/fs-extra/-/fs-extra-11.1.0.tgz. Extracting by manifest.
2180 silly tarball no local data for path-to-regexp@https://registry.npmjs.org/path-to-regexp/-/path-to-regexp-8.3.0.tgz. Extracting by manifest.
2181 silly tarball no local data for execa@https://registry.npmjs.org/execa/-/execa-3.2.0.tgz. Extracting by manifest.
2182 silly tarball no local data for signal-exit@https://registry.npmjs.org/signal-exit/-/signal-exit-3.0.7.tgz. Extracting by manifest.
2183 silly tarball no local data for jose@https://registry.npmjs.org/jose/-/jose-5.9.6.tgz. Extracting by manifest.
2184 silly tarball no local data for micro@https://registry.npmjs.org/micro/-/micro-9.3.5-canary.3.tgz. Extracting by manifest.
2185 silly tarball no local data for @vercel/nft@https://registry.npmjs.org/@vercel/nft/-/nft-1.3.0.tgz. Extracting by manifest.
2186 silly tarball no local data for esbuild@https://registry.npmjs.org/esbuild/-/esbuild-0.27.0.tgz. Extracting by manifest.
2187 silly tarball no local data for signal-exit@https://registry.npmjs.org/signal-exit/-/signal-exit-3.0.7.tgz. Extracting by manifest.
2188 silly tarball no local data for chokidar@https://registry.npmjs.org/chokidar/-/chokidar-4.0.0.tgz. Extracting by manifest.
2189 silly tarball no local data for human-signals@https://registry.npmjs.org/human-signals/-/human-signals-2.1.0.tgz. Extracting by manifest.
2190 silly tarball no local data for @vercel/rust@https://registry.npmjs.org/@vercel/rust/-/rust-1.0.5.tgz. Extracting by manifest.
2191 silly tarball no local data for get-stream@https://registry.npmjs.org/get-stream/-/get-stream-6.0.1.tgz. Extracting by manifest.
2192 silly tarball no local data for execa@https://registry.npmjs.org/execa/-/execa-5.1.1.tgz. Extracting by manifest.
2193 silly tarball no local data for @vercel/remix-builder@https://registry.npmjs.org/@vercel/remix-builder/-/remix-builder-5.5.10.tgz. Extracting by manifest.
2194 silly tarball no local data for path-to-regexp@https://registry.npmjs.org/path-to-regexp/-/path-to-regexp-6.1.0.tgz. Extracting by manifest.
2195 silly tarball no local data for @vercel/ruby@https://registry.npmjs.org/@vercel/ruby/-/ruby-2.2.5.tgz. Extracting by manifest.
2196 silly tarball no local data for @vercel/nft@https://registry.npmjs.org/@vercel/nft/-/nft-1.1.1.tgz. Extracting by manifest.
2197 silly tarball no local data for @vercel/redwood@https://registry.npmjs.org/@vercel/redwood/-/redwood-2.4.9.tgz. Extracting by manifest.
2198 silly tarball no local data for @vercel/nft@https://registry.npmjs.org/@vercel/nft/-/nft-1.1.1.tgz. Extracting by manifest.
2199 silly tarball no local data for @vercel/python@https://registry.npmjs.org/@vercel/python/-/python-6.5.0.tgz. Extracting by manifest.
2200 silly tarball no local data for @vercel/node@https://registry.npmjs.org/@vercel/node/-/node-5.5.28.tgz. Extracting by manifest.
2201 silly tarball no local data for undici@https://registry.npmjs.org/undici/-/undici-5.28.4.tgz. Extracting by manifest.
2202 silly tarball no local data for path-to-regexp@https://registry.npmjs.org/path-to-regexp/-/path-to-regexp-6.1.0.tgz. Extracting by manifest.
2203 silly tarball no local data for node-fetch@https://registry.npmjs.org/node-fetch/-/node-fetch-2.6.9.tgz. Extracting by manifest.
2204 silly tarball no local data for async-listen@https://registry.npmjs.org/async-listen/-/async-listen-3.0.0.tgz. Extracting by manifest.
2205 silly tarball no local data for typescript@https://registry.npmjs.org/typescript/-/typescript-4.9.5.tgz. Extracting by manifest.
2206 silly tarball no local data for @vercel/nft@https://registry.npmjs.org/@vercel/nft/-/nft-1.1.1.tgz. Extracting by manifest.
2207 silly tarball no local data for @vercel/nft@https://registry.npmjs.org/@vercel/nft/-/nft-1.1.1.tgz. Extracting by manifest.
2208 silly tarball no local data for @vercel/next@https://registry.npmjs.org/@vercel/next/-/next-4.15.21.tgz. Extracting by manifest.
2209 silly tarball no local data for depd@https://registry.npmjs.org/depd/-/depd-1.1.2.tgz. Extracting by manifest.
2210 silly tarball no local data for @vercel/nestjs@https://registry.npmjs.org/@vercel/nestjs/-/nestjs-0.2.31.tgz. Extracting by manifest.
2211 silly tarball no local data for @vercel/hydrogen@https://registry.npmjs.org/@vercel/hydrogen/-/hydrogen-1.3.5.tgz. Extracting by manifest.
2212 silly tarball no local data for @vercel/nft@https://registry.npmjs.org/@vercel/nft/-/nft-1.1.1.tgz. Extracting by manifest.
2213 silly tarball no local data for @vercel/hono@https://registry.npmjs.org/@vercel/hono/-/hono-0.2.30.tgz. Extracting by manifest.
2214 silly tarball no local data for @vercel/h3@https://registry.npmjs.org/@vercel/h3/-/h3-0.1.36.tgz. Extracting by manifest.
2215 silly tarball no local data for @vercel/go@https://registry.npmjs.org/@vercel/go/-/go-3.3.4.tgz. Extracting by manifest.
2216 silly tarball no local data for path-to-regexp@https://registry.npmjs.org/path-to-regexp/-/path-to-regexp-8.2.0.tgz. Extracting by manifest.
2217 silly tarball no local data for @vercel/fastify@https://registry.npmjs.org/@vercel/fastify/-/fastify-0.1.30.tgz. Extracting by manifest.
2218 silly tarball no local data for @vercel/express@https://registry.npmjs.org/@vercel/express/-/express-0.1.36.tgz. Extracting by manifest.
2219 silly tarball no local data for @vercel/fun@https://registry.npmjs.org/@vercel/fun/-/fun-1.2.1.tgz. Extracting by manifest.
2220 silly tarball no local data for @vercel/static-build@https://registry.npmjs.org/@vercel/static-build/-/static-build-2.8.28.tgz. Extracting by manifest.
2221 silly tarball no local data for @vercel/nft@https://registry.npmjs.org/@vercel/nft/-/nft-1.1.1.tgz. Extracting by manifest.
2222 silly tarball no local data for @vercel/elysia@https://registry.npmjs.org/@vercel/elysia/-/elysia-0.1.27.tgz. Extracting by manifest.
2223 silly tarball no local data for @vercel/blob@https://registry.npmjs.org/@vercel/blob/-/blob-1.0.2.tgz. Extracting by manifest.
2224 silly tarball no local data for @vercel/detect-agent@https://registry.npmjs.org/@vercel/detect-agent/-/detect-agent-1.1.0.tgz. Extracting by manifest.
2225 silly tarball no local data for @vercel/backends@https://registry.npmjs.org/@vercel/backends/-/backends-0.0.25.tgz. Extracting by manifest.
2226 silly tarball no local data for @vercel/koa@https://registry.npmjs.org/@vercel/koa/-/koa-0.1.10.tgz. Extracting by manifest.
2227 silly tarball no local data for @fastify/busboy@https://registry.npmjs.org/@fastify/busboy/-/busboy-2.1.1.tgz. Extracting by manifest.
2228 silly tarball no local data for @jridgewell/trace-mapping@https://registry.npmjs.org/@jridgewell/trace-mapping/-/trace-mapping-0.3.9.tgz. Extracting by manifest.
2229 silly tarball no local data for @vercel/build-utils@https://registry.npmjs.org/@vercel/build-utils/-/build-utils-13.2.16.tgz. Extracting by manifest.
2230 http fetch GET 200 https://registry.npmjs.org/pend/-/pend-1.2.0.tgz 1711ms (cache miss)
2231 http fetch GET 200 https://registry.npmjs.org/fd-slicer/-/fd-slicer-1.1.0.tgz 1709ms (cache miss)
2232 http fetch GET 200 https://registry.npmjs.org/@isaacs/fs-minipass/-/fs-minipass-4.0.1.tgz 1714ms (cache miss)
2233 http fetch GET 200 https://registry.npmjs.org/events-intercept/-/events-intercept-2.0.0.tgz 1714ms (cache miss)
2234 http fetch GET 200 https://registry.npmjs.org/yauzl-clone/-/yauzl-clone-1.0.4.tgz 1709ms (cache miss)
2235 http fetch GET 200 https://registry.npmjs.org/buffer-crc32/-/buffer-crc32-0.2.13.tgz 1761ms (cache miss)
2236 http fetch GET 200 https://registry.npmjs.org/@tsconfig/node16/-/node16-1.0.4.tgz 1780ms (cache miss)
2237 http fetch GET 200 https://registry.npmjs.org/convert-hrtime/-/convert-hrtime-3.0.0.tgz 1915ms (cache miss)
2238 http fetch GET 200 https://registry.npmjs.org/@tsconfig/node10/-/node10-1.0.12.tgz 1924ms (cache miss)
2239 http fetch GET 200 https://registry.npmjs.org/path-browserify/-/path-browserify-1.0.1.tgz 1925ms (cache miss)
2240 http fetch GET 200 https://registry.npmjs.org/yallist/-/yallist-4.0.0.tgz 2122ms (cache miss)
2241 http fetch GET 200 https://registry.npmjs.org/minizlib/-/minizlib-2.1.2.tgz 2168ms (cache miss)
2242 http fetch GET 200 https://registry.npmjs.org/@cspotcode/source-map-support/-/source-map-support-0.8.1.tgz 2203ms (cache miss)
2243 http fetch GET 200 https://registry.npmjs.org/minipass/-/minipass-3.3.6.tgz 2229ms (cache miss)
2244 http fetch GET 200 https://registry.npmjs.org/chownr/-/chownr-2.0.0.tgz 2229ms (cache miss)
2245 http fetch GET 200 https://registry.npmjs.org/fs-minipass/-/fs-minipass-2.1.0.tgz 2235ms (cache miss)
2246 http fetch GET 200 https://registry.npmjs.org/yn/-/yn-3.1.1.tgz 2411ms (cache miss)
2247 http fetch GET 200 https://registry.npmjs.org/stream-to-array/-/stream-to-array-2.3.0.tgz 2394ms (cache miss)
2248 http fetch GET 200 https://registry.npmjs.org/code-block-writer/-/code-block-writer-10.1.1.tgz 2414ms (cache miss)
2249 http fetch GET 200 https://registry.npmjs.org/minipass/-/minipass-3.3.6.tgz 2443ms (cache miss)
2250 http fetch GET 200 https://registry.npmjs.org/make-error/-/make-error-1.3.6.tgz 2464ms (cache miss)
2251 http fetch GET 200 https://registry.npmjs.org/v8-compile-cache-lib/-/v8-compile-cache-lib-3.0.1.tgz 2559ms (cache miss)
2252 http fetch GET 200 https://registry.npmjs.org/mkdirp/-/mkdirp-1.0.4.tgz 2548ms (cache miss)
2253 http fetch GET 200 https://registry.npmjs.org/@oxc-project/types/-/types-0.110.0.tgz 2578ms (cache miss)
2254 http fetch GET 200 https://registry.npmjs.org/toidentifier/-/toidentifier-1.0.0.tgz 2614ms (cache miss)
2255 http fetch GET 200 https://registry.npmjs.org/safer-buffer/-/safer-buffer-2.1.2.tgz 2625ms (cache miss)
2256 http fetch GET 200 https://registry.npmjs.org/setprototypeof/-/setprototypeof-1.1.1.tgz 2682ms (cache miss)
2257 http fetch GET 200 https://registry.npmjs.org/@tsconfig/node14/-/node14-1.0.3.tgz 2686ms (cache miss)
2258 http fetch GET 200 https://registry.npmjs.org/unpipe/-/unpipe-1.0.0.tgz 2687ms (cache miss)
2259 http fetch GET 200 https://registry.npmjs.org/@tsconfig/node12/-/node12-1.0.11.tgz 2687ms (cache miss)
2260 http fetch GET 200 https://registry.npmjs.org/end-of-stream/-/end-of-stream-1.4.5.tgz 2682ms (cache miss)
2261 http fetch GET 200 https://registry.npmjs.org/http-errors/-/http-errors-1.7.3.tgz 2687ms (cache miss)
2262 http fetch GET 200 https://registry.npmjs.org/cookie-es/-/cookie-es-2.0.0.tgz 2707ms (cache miss)
2263 http fetch GET 200 https://registry.npmjs.org/statuses/-/statuses-1.5.0.tgz 2739ms (cache miss)
2264 http fetch GET 200 https://registry.npmjs.org/bytes/-/bytes-3.1.0.tgz 2760ms (cache miss)
2265 http fetch GET 200 https://registry.npmjs.org/os-paths/-/os-paths-4.4.0.tgz 2900ms (cache miss)
2266 http fetch GET 200 https://registry.npmjs.org/xdg-portable/-/xdg-portable-7.3.0.tgz 2900ms (cache miss)
2267 http fetch GET 200 https://registry.npmjs.org/acorn-walk/-/acorn-walk-8.3.4.tgz 2984ms (cache miss)
2268 http fetch GET 200 https://registry.npmjs.org/mimic-fn/-/mimic-fn-2.1.0.tgz 2965ms (cache miss)
2269 http fetch GET 200 https://registry.npmjs.org/parse-ms/-/parse-ms-2.1.0.tgz 2967ms (cache miss)
2270 http fetch GET 200 https://registry.npmjs.org/raw-body/-/raw-body-2.4.1.tgz 2966ms (cache miss)
2271 http fetch GET 200 https://registry.npmjs.org/yauzl/-/yauzl-2.10.0.tgz 3052ms (cache miss)
2272 http fetch GET 200 https://registry.npmjs.org/abbrev/-/abbrev-3.0.1.tgz 3021ms (cache miss)
2273 http fetch GET 200 https://registry.npmjs.org/arg/-/arg-4.1.0.tgz 3020ms (cache miss)
2274 http fetch GET 200 https://registry.npmjs.org/content-type/-/content-type-1.0.4.tgz 3020ms (cache miss)
2275 http fetch GET 200 https://registry.npmjs.org/agent-base/-/agent-base-7.1.4.tgz 3027ms (cache miss)
2276 http fetch GET 200 https://registry.npmjs.org/@types/json-schema/-/json-schema-7.0.15.tgz 3103ms (cache miss)
2277 http fetch GET 200 https://registry.npmjs.org/create-require/-/create-require-1.1.1.tgz 3272ms (cache miss)
2278 http fetch GET 200 https://registry.npmjs.org/universalify/-/universalify-2.0.1.tgz 3340ms (cache miss)
2279 http fetch GET 200 https://registry.npmjs.org/jsonfile/-/jsonfile-6.2.0.tgz 3337ms (cache miss)
2280 http fetch GET 200 https://registry.npmjs.org/npm-run-path/-/npm-run-path-4.0.1.tgz 3336ms (cache miss)
2281 http fetch GET 200 https://registry.npmjs.org/is-stream/-/is-stream-2.0.1.tgz 3338ms (cache miss)
2282 http fetch GET 200 https://registry.npmjs.org/p-finally/-/p-finally-2.0.1.tgz 3417ms (cache miss)
2283 http fetch GET 200 https://registry.npmjs.org/pump/-/pump-3.0.3.tgz 3451ms (cache miss)
2284 http fetch GET 200 https://registry.npmjs.org/onetime/-/onetime-5.1.2.tgz 3446ms (cache miss)
2285 http fetch GET 200 https://registry.npmjs.org/merge-stream/-/merge-stream-2.0.0.tgz 3510ms (cache miss)
2286 http fetch GET 200 https://registry.npmjs.org/human-signals/-/human-signals-1.1.1.tgz 3544ms (cache miss)
2287 http fetch GET 200 https://registry.npmjs.org/time-span/-/time-span-4.0.0.tgz 3677ms (cache miss)
2288 http fetch GET 200 https://registry.npmjs.org/pretty-ms/-/pretty-ms-7.0.1.tgz 3733ms (cache miss)
2289 http fetch GET 200 https://registry.npmjs.org/mri/-/mri-1.2.0.tgz 3736ms (cache miss)
2290 http fetch GET 200 https://registry.npmjs.org/picocolors/-/picocolors-1.0.0.tgz 3742ms (cache miss)
2291 http fetch GET 200 https://registry.npmjs.org/@edge-runtime/ponyfill/-/ponyfill-2.4.2.tgz 3772ms (cache miss)
2292 http fetch GET 200 https://registry.npmjs.org/require-from-string/-/require-from-string-2.0.2.tgz 3771ms (cache miss)
2293 http fetch GET 200 https://registry.npmjs.org/retry/-/retry-0.13.1.tgz 3772ms (cache miss)
2294 http fetch GET 200 https://registry.npmjs.org/readdirp/-/readdirp-4.1.2.tgz 3784ms (cache miss)
2295 http fetch GET 200 https://registry.npmjs.org/get-stream/-/get-stream-5.2.0.tgz 3808ms (cache miss)
2296 http fetch GET 200 https://registry.npmjs.org/file-uri-to-path/-/file-uri-to-path-1.0.0.tgz 3895ms (cache miss)
2297 http fetch GET 200 https://registry.npmjs.org/json-schema-traverse/-/json-schema-traverse-1.0.0.tgz 3894ms (cache miss)
2298 http fetch GET 200 https://registry.npmjs.org/strip-final-newline/-/strip-final-newline-2.0.0.tgz 4072ms (cache miss)
2299 http fetch GET 200 https://registry.npmjs.org/@edge-runtime/format/-/format-2.2.1.tgz 4152ms (cache miss)
2300 http fetch GET 200 https://registry.npmjs.org/@vercel/error-utils/-/error-utils-2.0.3.tgz 4161ms (cache miss)
2301 http fetch GET 200 https://registry.npmjs.org/@vercel/gatsby-plugin-vercel-analytics/-/gatsby-plugin-vercel-analytics-1.0.11.tgz 4298ms (cache miss)
2302 http fetch GET 200 https://registry.npmjs.org/@vercel/gatsby-plugin-vercel-builder/-/gatsby-plugin-vercel-builder-2.0.127.tgz 4432ms (cache miss)
2303 http fetch GET 200 https://registry.npmjs.org/etag/-/etag-1.8.1.tgz 4485ms (cache miss)
2304 http fetch GET 200 https://registry.npmjs.org/async-listen/-/async-listen-3.0.1.tgz 4481ms (cache miss)
2305 http fetch GET 200 https://registry.npmjs.org/node-gyp-build/-/node-gyp-build-4.8.4.tgz 4481ms (cache miss)
2306 http fetch GET 200 https://registry.npmjs.org/es-module-lexer/-/es-module-lexer-1.4.1.tgz 4500ms (cache miss)
2307 http fetch GET 200 https://registry.npmjs.org/bindings/-/bindings-1.5.0.tgz 4490ms (cache miss)
2308 http fetch GET 200 https://registry.npmjs.org/async-sema/-/async-sema-3.1.1.tgz 4564ms (cache miss)
2309 http fetch GET 200 https://registry.npmjs.org/acorn-import-attributes/-/acorn-import-attributes-1.9.5.tgz 4565ms (cache miss)
2310 http fetch GET 200 https://registry.npmjs.org/resolve-from/-/resolve-from-5.0.0.tgz 4624ms (cache miss)
2311 http fetch GET 200 https://registry.npmjs.org/path-to-regexp/-/path-to-regexp-6.3.0.tgz 4781ms (cache miss)
2312 http fetch GET 200 https://registry.npmjs.org/uid-promise/-/uid-promise-1.0.0.tgz 4756ms (cache miss)
2313 http fetch GET 200 https://registry.npmjs.org/tree-kill/-/tree-kill-1.2.2.tgz 4755ms (cache miss)
2314 http fetch GET 200 https://registry.npmjs.org/xdg-app-paths/-/xdg-app-paths-5.1.0.tgz 4822ms (cache miss)
2315 http fetch GET 200 https://registry.npmjs.org/yauzl-promise/-/yauzl-promise-2.1.3.tgz 4854ms (cache miss)
2316 http fetch GET 200 https://registry.npmjs.org/chownr/-/chownr-3.0.0.tgz 4894ms (cache miss)
2317 http fetch GET 200 https://registry.npmjs.org/nopt/-/nopt-8.1.0.tgz 4937ms (cache miss)
2318 http fetch GET 200 https://registry.npmjs.org/stream-to-promise/-/stream-to-promise-2.2.0.tgz 4957ms (cache miss)
2319 http fetch GET 200 https://registry.npmjs.org/end-of-stream/-/end-of-stream-1.1.0.tgz 5031ms (cache miss)
2320 http fetch GET 200 https://registry.npmjs.org/minipass/-/minipass-5.0.0.tgz 5037ms (cache miss)
2321 http fetch GET 200 https://registry.npmjs.org/@rolldown/pluginutils/-/pluginutils-1.0.0-rc.1.tgz 5142ms (cache miss)
2322 http fetch GET 200 https://registry.npmjs.org/lru-cache/-/lru-cache-6.0.0.tgz 5099ms (cache miss)
2323 http fetch GET 200 https://registry.npmjs.org/promisepipe/-/promisepipe-3.0.0.tgz 5100ms (cache miss)
2324 http fetch GET 200 https://registry.npmjs.org/once/-/once-1.3.3.tgz 5100ms (cache miss)
2325 http fetch GET 200 https://registry.npmjs.org/stat-mode/-/stat-mode-0.3.0.tgz 5102ms (cache miss)
2326 http fetch GET 200 https://registry.npmjs.org/ms/-/ms-2.1.1.tgz 5101ms (cache miss)
2327 http fetch GET 200 https://registry.npmjs.org/ms/-/ms-2.1.2.tgz 5106ms (cache miss)
2328 http fetch GET 200 https://registry.npmjs.org/@isaacs/balanced-match/-/balanced-match-4.0.1.tgz 5203ms (cache miss)
2329 http fetch GET 200 https://registry.npmjs.org/tinyexec/-/tinyexec-0.3.2.tgz 5195ms (cache miss)
2330 http fetch GET 200 https://registry.npmjs.org/@tootallnate/once/-/once-2.0.0.tgz 5224ms (cache miss)
2331 http fetch GET 200 https://registry.npmjs.org/@emnapi/wasi-threads/-/wasi-threads-1.1.0.tgz 5327ms (cache miss)
2332 http fetch GET 200 https://registry.npmjs.org/async-listen/-/async-listen-1.2.0.tgz 5267ms (cache miss)
2333 http fetch GET 200 https://registry.npmjs.org/is-buffer/-/is-buffer-2.0.5.tgz 5311ms (cache miss)
2334 http fetch GET 200 https://registry.npmjs.org/debug/-/debug-4.3.4.tgz 5364ms (cache miss)
2335 http fetch GET 200 https://registry.npmjs.org/is-node-process/-/is-node-process-1.2.0.tgz 5384ms (cache miss)
2336 http fetch GET 200 https://registry.npmjs.org/resolve.exports/-/resolve.exports-2.0.3.tgz 5382ms (cache miss)
2337 http fetch GET 200 https://registry.npmjs.org/@vercel/static-config/-/static-config-3.1.2.tgz 5388ms (cache miss)
2338 http fetch GET 200 https://registry.npmjs.org/async-retry/-/async-retry-1.3.3.tgz 5391ms (cache miss)
2339 http fetch GET 200 https://registry.npmjs.org/@vercel/cervel/-/cervel-0.0.12.tgz 5498ms (cache miss)
2340 http fetch GET 200 https://registry.npmjs.org/oxc-transform/-/oxc-transform-0.111.0.tgz 5492ms (cache miss)
2341 http fetch GET 200 https://registry.npmjs.org/path-to-regexp/-/path-to-regexp-8.3.0.tgz 5557ms (cache miss)
2342 http fetch GET 200 https://registry.npmjs.org/execa/-/execa-3.2.0.tgz 5655ms (cache miss)
2343 http fetch GET 200 https://registry.npmjs.org/@rollup/pluginutils/-/pluginutils-5.3.0.tgz 5801ms (cache miss)
2344 http fetch GET 200 https://registry.npmjs.org/@isaacs/brace-expansion/-/brace-expansion-5.0.1.tgz 5876ms (cache miss)
2345 http fetch GET 200 https://registry.npmjs.org/node-fetch/-/node-fetch-2.6.7.tgz 5823ms (cache miss)
2346 http fetch GET 200 https://registry.npmjs.org/signal-exit/-/signal-exit-3.0.7.tgz 5828ms (cache miss)
2347 http fetch GET 200 https://registry.npmjs.org/execa/-/execa-5.1.1.tgz 5824ms (cache miss)
2348 http fetch GET 200 https://registry.npmjs.org/get-stream/-/get-stream-6.0.1.tgz 5826ms (cache miss)
2349 http fetch GET 200 https://registry.npmjs.org/ts-toolbelt/-/ts-toolbelt-6.15.5.tgz 5936ms (cache miss)
2350 http fetch GET 200 https://registry.npmjs.org/@vercel/rust/-/rust-1.0.5.tgz 5848ms (cache miss)
2351 http fetch GET 200 https://registry.npmjs.org/cjs-module-lexer/-/cjs-module-lexer-1.2.3.tgz 5920ms (cache miss)
2352 http fetch GET 200 https://registry.npmjs.org/https-proxy-agent/-/https-proxy-agent-7.0.6.tgz 5919ms (cache miss)
2353 http fetch GET 200 https://registry.npmjs.org/signal-exit/-/signal-exit-3.0.7.tgz 5905ms (cache miss)
2354 http fetch GET 200 https://registry.npmjs.org/micro/-/micro-9.3.5-canary.3.tgz 5958ms (cache miss)
2355 http fetch GET 200 https://registry.npmjs.org/async-listen/-/async-listen-3.0.0.tgz 5955ms (cache miss)
2356 http fetch GET 200 https://registry.npmjs.org/@vercel/nestjs/-/nestjs-0.2.31.tgz 5988ms (cache miss)
2357 http fetch GET 200 https://registry.npmjs.org/depd/-/depd-1.1.2.tgz 6033ms (cache miss)
2358 http fetch GET 200 https://registry.npmjs.org/esbuild/-/esbuild-0.27.0.tgz 6078ms (cache miss)
2359 http fetch GET 200 https://registry.npmjs.org/@vercel/hydrogen/-/hydrogen-1.3.5.tgz 6126ms (cache miss)
2360 http fetch GET 200 https://registry.npmjs.org/@vercel/hono/-/hono-0.2.30.tgz 6129ms (cache miss)
2361 http fetch GET 200 https://registry.npmjs.org/@edge-runtime/vm/-/vm-3.2.0.tgz 6222ms (cache miss)
2362 http fetch GET 200 https://registry.npmjs.org/path-to-regexp/-/path-to-regexp-8.2.0.tgz 6167ms (cache miss)
2363 http fetch GET 200 https://registry.npmjs.org/@vercel/fastify/-/fastify-0.1.30.tgz 6221ms (cache miss)
2364 http fetch GET 200 https://registry.npmjs.org/@vercel/express/-/express-0.1.36.tgz 6236ms (cache miss)
2365 http fetch GET 200 https://registry.npmjs.org/@vercel/ruby/-/ruby-2.2.5.tgz 6293ms (cache miss)
2366 http fetch GET 200 https://registry.npmjs.org/@vercel/h3/-/h3-0.1.36.tgz 6395ms (cache miss)
2367 http fetch GET 200 https://registry.npmjs.org/@vercel/elysia/-/elysia-0.1.27.tgz 6395ms (cache miss)
2368 http fetch GET 200 https://registry.npmjs.org/@vercel/detect-agent/-/detect-agent-1.1.0.tgz 6396ms (cache miss)
2369 http fetch GET 200 https://registry.npmjs.org/node-fetch/-/node-fetch-2.6.9.tgz 6468ms (cache miss)
2370 http fetch GET 200 https://registry.npmjs.org/@iarna/toml/-/toml-2.2.5.tgz 6589ms (cache miss)
2371 http fetch GET 200 https://registry.npmjs.org/@vercel/koa/-/koa-0.1.10.tgz 6529ms (cache miss)
2372 http fetch GET 200 https://registry.npmjs.org/@vercel/redwood/-/redwood-2.4.9.tgz 6901ms (cache miss)
2373 http fetch GET 200 https://registry.npmjs.org/@vercel/python/-/python-6.5.0.tgz 6967ms (cache miss)
2374 http fetch GET 200 https://registry.npmjs.org/yallist/-/yallist-5.0.0.tgz 7038ms (cache miss)
2375 http fetch GET 200 https://registry.npmjs.org/path-scurry/-/path-scurry-2.0.1.tgz 7297ms (cache miss)
2376 http fetch GET 200 https://registry.npmjs.org/@vercel/remix-builder/-/remix-builder-5.5.10.tgz 7250ms (cache miss)
2377 http fetch GET 200 https://registry.npmjs.org/human-signals/-/human-signals-2.1.0.tgz 7383ms (cache miss)
2378 http fetch GET 200 https://registry.npmjs.org/chokidar/-/chokidar-4.0.0.tgz 7659ms (cache miss)
2379 http fetch GET 200 https://registry.npmjs.org/path-to-regexp/-/path-to-regexp-6.1.0.tgz 7775ms (cache miss)
2380 http fetch GET 200 https://registry.npmjs.org/path-to-regexp/-/path-to-regexp-6.1.0.tgz 7894ms (cache miss)
2381 http fetch GET 200 https://registry.npmjs.org/lru-cache/-/lru-cache-11.2.5.tgz 8307ms (cache miss)
2382 http fetch GET 200 https://registry.npmjs.org/generic-pool/-/generic-pool-3.4.2.tgz 8224ms (cache miss)
2383 http fetch GET 200 https://registry.npmjs.org/@vercel/go/-/go-3.3.4.tgz 8223ms (cache miss)
2384 http fetch GET 200 https://registry.npmjs.org/@jridgewell/trace-mapping/-/trace-mapping-0.3.9.tgz 8273ms (cache miss)
2385 http fetch GET 200 https://registry.npmjs.org/tar/-/tar-6.2.1.tgz 8391ms (cache miss)
2386 warn deprecated tar@6.2.1: Old versions of tar are not supported, and contain widely publicized security vulnerabilities, which have been fixed in the current version. Please update. Support for old versions may be purchased (at exorbitant rates) by contacting i@izs.me
2387 http fetch GET 200 https://registry.npmjs.org/minizlib/-/minizlib-3.1.0.tgz 8509ms (cache miss)
2388 http fetch GET 200 https://registry.npmjs.org/@edge-runtime/node-utils/-/node-utils-2.3.0.tgz 8746ms (cache miss)
2389 http fetch GET 200 https://registry.npmjs.org/@fastify/busboy/-/busboy-2.1.1.tgz 8670ms (cache miss)
2390 http fetch GET 200 https://registry.npmjs.org/diff/-/diff-4.0.4.tgz 8984ms (cache miss)
2391 http fetch GET 200 https://registry.npmjs.org/ts-morph/-/ts-morph-12.0.0.tgz 8902ms (cache miss)
2392 http fetch GET 200 https://registry.npmjs.org/iconv-lite/-/iconv-lite-0.4.24.tgz 9067ms (cache miss)
2393 http fetch GET 200 https://registry.npmjs.org/signal-exit/-/signal-exit-4.0.2.tgz 9126ms (cache miss)
2394 http fetch GET 200 https://registry.npmjs.org/@vercel/static-build/-/static-build-2.8.28.tgz 9037ms (cache miss)
2395 http fetch GET 200 https://registry.npmjs.org/@vercel/next/-/next-4.15.21.tgz 9210ms (cache miss)
2396 http fetch GET 200 https://registry.npmjs.org/consola/-/consola-3.4.2.tgz 9381ms (cache miss)
2397 http fetch GET 200 https://registry.npmjs.org/@vercel/backends/-/backends-0.0.25.tgz 9327ms (cache miss)
2398 http fetch GET 200 https://registry.npmjs.org/fs-extra/-/fs-extra-11.1.0.tgz 9474ms (cache miss)
2399 http fetch GET 200 https://registry.npmjs.org/srvx/-/srvx-0.8.9.tgz 9490ms (cache miss)
2400 http fetch GET 200 https://registry.npmjs.org/@vercel/blob/-/blob-1.0.2.tgz 9530ms (cache miss)
2401 http fetch GET 200 https://registry.npmjs.org/@mapbox/node-pre-gyp/-/node-pre-gyp-2.0.3.tgz 9625ms (cache miss)
2402 http fetch GET 200 https://registry.npmjs.org/@edge-runtime/primitives/-/primitives-4.1.0.tgz 9656ms (cache miss)
2403 http fetch GET 200 https://registry.npmjs.org/semver/-/semver-7.5.4.tgz 9671ms (cache miss)
2404 http fetch GET 200 https://registry.npmjs.org/@emnapi/core/-/core-1.8.1.tgz 9754ms (cache miss)
2405 http fetch GET 200 https://registry.npmjs.org/edge-runtime/-/edge-runtime-2.5.9.tgz 9870ms (cache miss)
2406 http fetch GET 200 https://registry.npmjs.org/web-vitals/-/web-vitals-0.2.4.tgz 10146ms (cache miss)
2407 http fetch GET 200 https://registry.npmjs.org/@sinclair/typebox/-/typebox-0.25.24.tgz 10200ms (cache miss)
2408 http fetch GET 200 https://registry.npmjs.org/@vercel/nft/-/nft-1.3.0.tgz 10537ms (cache miss)
2409 http fetch GET 200 https://registry.npmjs.org/@vercel/nft/-/nft-1.1.1.tgz 10578ms (cache miss)
2410 http fetch GET 200 https://registry.npmjs.org/@vercel/node/-/node-5.5.28.tgz 10578ms (cache miss)
2411 http fetch GET 200 https://registry.npmjs.org/@vercel/nft/-/nft-1.1.1.tgz 10582ms (cache miss)
2412 http fetch GET 200 https://registry.npmjs.org/@vercel/nft/-/nft-1.1.1.tgz 10604ms (cache miss)
2413 http fetch GET 200 https://registry.npmjs.org/@vercel/nft/-/nft-1.1.1.tgz 10648ms (cache miss)
2414 http fetch GET 200 https://registry.npmjs.org/rolldown/-/rolldown-1.0.0-rc.1.tgz 10679ms (cache miss)
2415 http fetch GET 200 https://registry.npmjs.org/@vercel/nft/-/nft-1.1.1.tgz 10706ms (cache miss)
2416 http fetch GET 200 https://registry.npmjs.org/@vercel/nft/-/nft-1.1.1.tgz 10715ms (cache miss)
2417 http fetch GET 200 https://registry.npmjs.org/tsx/-/tsx-4.21.0.tgz 10742ms (cache miss)
2418 http fetch GET 200 https://registry.npmjs.org/@tybys/wasm-util/-/wasm-util-0.10.1.tgz 10919ms (cache miss)
2419 http fetch GET 200 https://registry.npmjs.org/zod/-/zod-3.22.4.tgz 10934ms (cache miss)
2420 http fetch GET 200 https://registry.npmjs.org/minimatch/-/minimatch-10.1.2.tgz 11284ms (cache miss)
2421 http fetch GET 200 https://registry.npmjs.org/@oxc-transform/binding-android-arm64/-/binding-android-arm64-0.111.0.tgz 11627ms (cache miss)
2422 http fetch GET 200 https://registry.npmjs.org/glob/-/glob-13.0.1.tgz 11842ms (cache miss)
2423 http fetch GET 200 https://registry.npmjs.org/@napi-rs/wasm-runtime/-/wasm-runtime-1.1.1.tgz 11902ms (cache miss)
2424 http fetch GET 200 https://registry.npmjs.org/json-schema-to-ts/-/json-schema-to-ts-1.6.4.tgz 12187ms (cache miss)
2425 http fetch GET 200 https://registry.npmjs.org/ts-node/-/ts-node-10.9.1.tgz 12499ms (cache miss)
2426 http fetch GET 200 https://registry.npmjs.org/@vercel/build-utils/-/build-utils-13.2.16.tgz 12458ms (cache miss)
2427 http fetch GET 200 https://registry.npmjs.org/@types/node/-/node-20.11.0.tgz 13309ms (cache miss)
2428 http fetch GET 200 https://registry.npmjs.org/vercel/-/vercel-50.10.0.tgz 13566ms (cache miss)
2429 http fetch GET 200 https://registry.npmjs.org/@ts-morph/common/-/common-0.11.1.tgz 14156ms (cache miss)
2430 http fetch GET 200 https://registry.npmjs.org/undici/-/undici-5.29.0.tgz 14582ms (cache miss)
2431 http fetch GET 200 https://registry.npmjs.org/@esbuild/android-arm64/-/android-arm64-0.27.0.tgz 14660ms (cache miss)
2432 http fetch GET 200 https://registry.npmjs.org/undici/-/undici-5.28.4.tgz 14614ms (cache miss)
2433 http fetch GET 200 https://registry.npmjs.org/@vercel/fun/-/fun-1.2.1.tgz 15739ms (cache miss)
2434 http fetch GET 200 https://registry.npmjs.org/@rolldown/binding-android-arm64/-/binding-android-arm64-1.0.0-rc.1.tgz 16642ms (cache miss)
2435 http fetch GET 200 https://registry.npmjs.org/tar/-/tar-7.5.7.tgz 16659ms (cache miss)
2436 http fetch GET 200 https://registry.npmjs.org/jose/-/jose-5.9.6.tgz 19195ms (cache miss)
2437 http fetch GET 200 https://registry.npmjs.org/ajv/-/ajv-8.6.3.tgz 19842ms (cache miss)
2438 http fetch GET 200 https://registry.npmjs.org/typescript/-/typescript-4.9.5.tgz 20506ms (cache miss)
2439 info run esbuild@0.27.0 postinstall node_modules/vercel/node_modules/esbuild node install.js
2440 info run esbuild@0.27.0 postinstall { code: 0, signal: null }
2441 silly ADD node_modules/vercel
2442 silly ADD node_modules/vercel/node_modules/concat-map
2443 silly ADD node_modules/vercel/node_modules/balanced-match
2444 silly ADD node_modules/vercel/node_modules/brace-expansion
2445 silly ADD node_modules/vercel/node_modules/@isaacs/fs-minipass
2446 silly ADD node_modules/vercel/node_modules/events-intercept
2447 silly ADD node_modules/vercel/node_modules/pend
2448 silly ADD node_modules/vercel/node_modules/fd-slicer
2449 silly ADD node_modules/vercel/node_modules/buffer-crc32
2450 silly ADD node_modules/vercel/node_modules/yauzl-clone
2451 silly ADD node_modules/vercel/node_modules/yauzl
2452 silly ADD node_modules/vercel/node_modules/os-paths
2453 silly ADD node_modules/vercel/node_modules/xdg-portable
2454 silly ADD node_modules/vercel/node_modules/isexe
2455 silly ADD node_modules/vercel/node_modules/webidl-conversions
2456 silly ADD node_modules/vercel/node_modules/tr46
2457 silly ADD node_modules/vercel/node_modules/punycode
2458 silly ADD node_modules/vercel/node_modules/@fastify/busboy
2459 silly ADD node_modules/vercel/node_modules/resolve-pkg-maps
2460 silly ADD node_modules/vercel/node_modules/get-tsconfig
2461 silly ADD node_modules/vercel/node_modules/@jridgewell/sourcemap-codec
2462 silly ADD node_modules/vercel/node_modules/@jridgewell/resolve-uri
2463 silly ADD node_modules/vercel/node_modules/@jridgewell/trace-mapping
2464 silly ADD node_modules/vercel/node_modules/yn
2465 silly ADD node_modules/vercel/node_modules/v8-compile-cache-lib
2466 silly ADD node_modules/vercel/node_modules/make-error
2467 silly ADD node_modules/vercel/node_modules/diff
2468 silly ADD node_modules/vercel/node_modules/create-require
2469 silly ADD node_modules/vercel/node_modules/acorn-walk
2470 silly ADD node_modules/vercel/node_modules/@tsconfig/node16
2471 silly ADD node_modules/vercel/node_modules/@tsconfig/node14
2472 silly ADD node_modules/vercel/node_modules/@tsconfig/node12
2473 silly ADD node_modules/vercel/node_modules/@tsconfig/node10
2474 silly ADD node_modules/vercel/node_modules/@cspotcode/source-map-support
2475 silly ADD node_modules/vercel/node_modules/is-number
2476 silly ADD node_modules/vercel/node_modules/queue-microtask
2477 silly ADD node_modules/vercel/node_modules/to-regex-range
2478 silly ADD node_modules/vercel/node_modules/fill-range
2479 silly ADD node_modules/vercel/node_modules/braces
2480 silly ADD node_modules/vercel/node_modules/is-extglob
2481 silly ADD node_modules/vercel/node_modules/is-glob
2482 silly ADD node_modules/vercel/node_modules/reusify
2483 silly ADD node_modules/vercel/node_modules/run-parallel
2484 silly ADD node_modules/vercel/node_modules/fastq
2485 silly ADD node_modules/vercel/node_modules/@nodelib/fs.scandir
2486 silly ADD node_modules/vercel/node_modules/micromatch
2487 silly ADD node_modules/vercel/node_modules/micromatch/node_modules/picomatch
2488 silly ADD node_modules/vercel/node_modules/merge2
2489 silly ADD node_modules/vercel/node_modules/glob-parent
2490 silly ADD node_modules/vercel/node_modules/@nodelib/fs.walk
2491 silly ADD node_modules/vercel/node_modules/@nodelib/fs.stat
2492 silly ADD node_modules/vercel/node_modules/path-browserify
2493 silly ADD node_modules/vercel/node_modules/fast-glob
2494 silly ADD node_modules/vercel/node_modules/code-block-writer
2495 silly ADD node_modules/vercel/node_modules/@ts-morph/common
2496 silly ADD node_modules/vercel/node_modules/@ts-morph/common/node_modules/minimatch
2497 silly ADD node_modules/vercel/node_modules/convert-hrtime
2498 silly ADD node_modules/vercel/node_modules/yallist
2499 silly ADD node_modules/vercel/node_modules/mkdirp
2500 silly ADD node_modules/vercel/node_modules/minizlib
2501 silly ADD node_modules/vercel/node_modules/minizlib/node_modules/minipass
2502 silly ADD node_modules/vercel/node_modules/fs-minipass
2503 silly ADD node_modules/vercel/node_modules/fs-minipass/node_modules/minipass
2504 silly ADD node_modules/vercel/node_modules/chownr
2505 silly ADD node_modules/vercel/node_modules/stream-to-array
2506 silly ADD node_modules/vercel/node_modules/any-promise
2507 silly ADD node_modules/vercel/node_modules/cookie-es
2508 silly ADD node_modules/vercel/node_modules/shebang-regex
2509 silly ADD node_modules/vercel/node_modules/@rolldown/pluginutils
2510 silly ADD node_modules/vercel/node_modules/@rolldown/binding-android-arm64
2511 silly ADD node_modules/vercel/node_modules/@oxc-project/types
2512 silly ADD node_modules/vercel/node_modules/safer-buffer
2513 silly ADD node_modules/vercel/node_modules/toidentifier
2514 silly ADD node_modules/vercel/node_modules/statuses
2515 silly ADD node_modules/vercel/node_modules/setprototypeof
2516 silly ADD node_modules/vercel/node_modules/inherits
2517 silly ADD node_modules/vercel/node_modules/depd
2518 silly ADD node_modules/vercel/node_modules/unpipe
2519 silly ADD node_modules/vercel/node_modules/iconv-lite
2520 silly ADD node_modules/vercel/node_modules/http-errors
2521 silly ADD node_modules/vercel/node_modules/bytes
2522 silly ADD node_modules/vercel/node_modules/wrappy
2523 silly ADD node_modules/vercel/node_modules/once
2524 silly ADD node_modules/vercel/node_modules/end-of-stream
2525 silly ADD node_modules/vercel/node_modules/parse-ms
2526 silly ADD node_modules/vercel/node_modules/lru-cache
2527 silly ADD node_modules/vercel/node_modules/tslib
2528 silly ADD node_modules/vercel/node_modules/@emnapi/wasi-threads
2529 silly ADD node_modules/vercel/node_modules/@tybys/wasm-util
2530 silly ADD node_modules/vercel/node_modules/@emnapi/runtime
2531 silly ADD node_modules/vercel/node_modules/@emnapi/core
2532 silly ADD node_modules/vercel/node_modules/@napi-rs/wasm-runtime
2533 silly ADD node_modules/vercel/node_modules/@oxc-transform/binding-android-arm64
2534 silly ADD node_modules/vercel/node_modules/mimic-fn
2535 silly ADD node_modules/vercel/node_modules/abbrev
2536 silly ADD node_modules/vercel/node_modules/whatwg-url
2537 silly ADD node_modules/vercel/node_modules/@isaacs/balanced-match
2538 silly ADD node_modules/vercel/node_modules/@isaacs/brace-expansion
2539 silly ADD node_modules/vercel/node_modules/mime-db
2540 silly ADD node_modules/vercel/node_modules/raw-body
2541 silly ADD node_modules/vercel/node_modules/content-type
2542 silly ADD node_modules/vercel/node_modules/arg
2543 silly ADD node_modules/vercel/node_modules/ts-toolbelt
2544 silly ADD node_modules/vercel/node_modules/@types/json-schema
2545 silly ADD node_modules/vercel/node_modules/agent-base
2546 silly ADD node_modules/vercel/node_modules/path-scurry
2547 silly ADD node_modules/vercel/node_modules/minipass
2548 silly ADD node_modules/vercel/node_modules/minimatch
2549 silly ADD node_modules/vercel/node_modules/pump
2550 silly ADD node_modules/vercel/node_modules/dunder-proto
2551 silly ADD node_modules/vercel/node_modules/math-intrinsics
2552 silly ADD node_modules/vercel/node_modules/has-symbols
2553 silly ADD node_modules/vercel/node_modules/gopd
2554 silly ADD node_modules/vercel/node_modules/get-proto
2555 silly ADD node_modules/vercel/node_modules/function-bind
2556 silly ADD node_modules/vercel/node_modules/es-object-atoms
2557 silly ADD node_modules/vercel/node_modules/es-define-property
2558 silly ADD node_modules/vercel/node_modules/call-bind-apply-helpers
2559 silly ADD node_modules/vercel/node_modules/universalify
2560 silly ADD node_modules/vercel/node_modules/jsonfile
2561 silly ADD node_modules/vercel/node_modules/has-tostringtag
2562 silly ADD node_modules/vercel/node_modules/get-intrinsic
2563 silly ADD node_modules/vercel/node_modules/es-errors
2564 silly ADD node_modules/vercel/node_modules/delayed-stream
2565 silly ADD node_modules/vercel/node_modules/hasown
2566 silly ADD node_modules/vercel/node_modules/es-set-tostringtag
2567 silly ADD node_modules/vercel/node_modules/combined-stream
2568 silly ADD node_modules/vercel/node_modules/asynckit
2569 silly ADD node_modules/vercel/node_modules/which
2570 silly ADD node_modules/vercel/node_modules/shebang-command
2571 silly ADD node_modules/vercel/node_modules/path-key
2572 silly ADD node_modules/vercel/node_modules/strip-final-newline
2573 silly ADD node_modules/vercel/node_modules/p-finally
2574 silly ADD node_modules/vercel/node_modules/onetime
2575 silly ADD node_modules/vercel/node_modules/npm-run-path
2576 silly ADD node_modules/vercel/node_modules/merge-stream
2577 silly ADD node_modules/vercel/node_modules/is-stream
2578 silly ADD node_modules/vercel/node_modules/human-signals
2579 silly ADD node_modules/vercel/node_modules/get-stream
2580 silly ADD node_modules/vercel/node_modules/cross-spawn
2581 silly ADD node_modules/vercel/node_modules/@esbuild/android-arm64
2582 silly ADD node_modules/vercel/node_modules/time-span
2583 silly ADD node_modules/vercel/node_modules/signal-exit
2584 silly ADD node_modules/vercel/node_modules/pretty-ms
2585 silly ADD node_modules/vercel/node_modules/picocolors
2586 silly ADD node_modules/vercel/node_modules/mri
2587 silly ADD node_modules/vercel/node_modules/@edge-runtime/ponyfill
2588 silly ADD node_modules/vercel/node_modules/@edge-runtime/format
2589 silly ADD node_modules/vercel/node_modules/readdirp
2590 silly ADD node_modules/vercel/node_modules/file-uri-to-path
2591 silly ADD node_modules/vercel/node_modules/retry
2592 silly ADD node_modules/vercel/node_modules/uri-js
2593 silly ADD node_modules/vercel/node_modules/require-from-string
2594 silly ADD node_modules/vercel/node_modules/json-schema-traverse
2595 silly ADD node_modules/vercel/node_modules/fast-deep-equal
2596 silly ADD node_modules/vercel/node_modules/json-schema-to-ts
2597 silly ADD node_modules/vercel/node_modules/ajv
2598 silly ADD node_modules/vercel/node_modules/@sinclair/typebox
2599 silly ADD node_modules/vercel/node_modules/web-vitals
2600 silly ADD node_modules/vercel/node_modules/@vercel/gatsby-plugin-vercel-builder
2601 silly ADD node_modules/vercel/node_modules/@vercel/gatsby-plugin-vercel-analytics
2602 silly ADD node_modules/vercel/node_modules/@iarna/toml
2603 silly ADD node_modules/vercel/node_modules/undici-types
2604 silly ADD node_modules/vercel/node_modules/typescript5
2605 silly ADD node_modules/vercel/node_modules/ts-node
2606 silly ADD node_modules/vercel/node_modules/path-to-regexp-updated
2607 silly ADD node_modules/vercel/node_modules/mime-types
2608 silly ADD node_modules/vercel/node_modules/etag
2609 silly ADD node_modules/vercel/node_modules/es-module-lexer
2610 silly ADD node_modules/vercel/node_modules/edge-runtime
2611 silly ADD node_modules/vercel/node_modules/edge-runtime/node_modules/async-listen
2612 silly ADD node_modules/vercel/node_modules/cjs-module-lexer
2613 silly ADD node_modules/vercel/node_modules/@vercel/error-utils
2614 silly ADD node_modules/vercel/node_modules/@types/node
2615 silly ADD node_modules/vercel/node_modules/@edge-runtime/vm
2616 silly ADD node_modules/vercel/node_modules/@edge-runtime/primitives
2617 silly ADD node_modules/vercel/node_modules/@edge-runtime/node-utils
2618 silly ADD node_modules/vercel/node_modules/@types/estree
2619 silly ADD node_modules/vercel/node_modules/nopt
2620 silly ADD node_modules/vercel/node_modules/https-proxy-agent
2621 silly ADD node_modules/vercel/node_modules/detect-libc
2622 silly ADD node_modules/vercel/node_modules/consola
2623 silly ADD node_modules/vercel/node_modules/resolve-from
2624 silly ADD node_modules/vercel/node_modules/picomatch
2625 silly ADD node_modules/vercel/node_modules/node-gyp-build
2626 silly ADD node_modules/vercel/node_modules/graceful-fs
2627 silly ADD node_modules/vercel/node_modules/glob
2628 silly ADD node_modules/vercel/node_modules/estree-walker
2629 silly ADD node_modules/vercel/node_modules/bindings
2630 silly ADD node_modules/vercel/node_modules/async-sema
2631 silly ADD node_modules/vercel/node_modules/acorn-import-attributes
2632 silly ADD node_modules/vercel/node_modules/acorn
2633 silly ADD node_modules/vercel/node_modules/@rollup/pluginutils
2634 silly ADD node_modules/vercel/node_modules/@mapbox/node-pre-gyp
2635 silly ADD node_modules/vercel/node_modules/@mapbox/node-pre-gyp/node_modules/yallist
2636 silly ADD node_modules/vercel/node_modules/@mapbox/node-pre-gyp/node_modules/minizlib
2637 silly ADD node_modules/vercel/node_modules/@mapbox/node-pre-gyp/node_modules/chownr
2638 silly ADD node_modules/vercel/node_modules/@mapbox/node-pre-gyp/node_modules/tar
2639 silly ADD node_modules/vercel/node_modules/yauzl-promise
2640 silly ADD node_modules/vercel/node_modules/xdg-app-paths
2641 silly ADD node_modules/vercel/node_modules/uid-promise
2642 silly ADD node_modules/vercel/node_modules/tree-kill
2643 silly ADD node_modules/vercel/node_modules/tinyexec
2644 silly ADD node_modules/vercel/node_modules/tar
2645 silly ADD node_modules/vercel/node_modules/tar/node_modules/minipass
2646 silly ADD node_modules/vercel/node_modules/stream-to-promise
2647 silly ADD node_modules/vercel/node_modules/stream-to-promise/node_modules/once
2648 silly ADD node_modules/vercel/node_modules/stream-to-promise/node_modules/end-of-stream
2649 silly ADD node_modules/vercel/node_modules/stat-mode
2650 silly ADD node_modules/vercel/node_modules/semver
2651 silly ADD node_modules/vercel/node_modules/semver/node_modules/lru-cache
2652 silly ADD node_modules/vercel/node_modules/promisepipe
2653 silly ADD node_modules/vercel/node_modules/node-fetch
2654 silly ADD node_modules/vercel/node_modules/ms
2655 silly ADD node_modules/vercel/node_modules/micro
2656 silly ADD node_modules/vercel/node_modules/generic-pool
2657 silly ADD node_modules/vercel/node_modules/debug
2658 silly ADD node_modules/vercel/node_modules/debug/node_modules/ms
2659 silly ADD node_modules/vercel/node_modules/async-listen
2660 silly ADD node_modules/vercel/node_modules/@tootallnate/once
2661 silly ADD node_modules/vercel/node_modules/ts-morph
2662 silly ADD node_modules/vercel/node_modules/@vercel/cervel
2663 silly ADD node_modules/vercel/node_modules/@vercel/static-config
2664 silly ADD node_modules/vercel/node_modules/undici
2665 silly ADD node_modules/vercel/node_modules/throttleit
2666 silly ADD node_modules/vercel/node_modules/is-node-process
2667 silly ADD node_modules/vercel/node_modules/is-buffer
2668 silly ADD node_modules/vercel/node_modules/async-retry
2669 silly ADD node_modules/vercel/node_modules/zod
2670 silly ADD node_modules/vercel/node_modules/tsx
2671 silly ADD node_modules/vercel/node_modules/srvx
2672 silly ADD node_modules/vercel/node_modules/rolldown
2673 silly ADD node_modules/vercel/node_modules/resolve.exports
2674 silly ADD node_modules/vercel/node_modules/path-to-regexp
2675 silly ADD node_modules/vercel/node_modules/oxc-transform
2676 silly ADD node_modules/vercel/node_modules/fs-extra
2677 silly ADD node_modules/vercel/node_modules/execa
2678 silly ADD node_modules/vercel/node_modules/execa/node_modules/signal-exit
2679 silly ADD node_modules/vercel/node_modules/@vercel/nft
2680 silly ADD node_modules/vercel/node_modules/jose
2681 silly ADD node_modules/vercel/node_modules/form-data
2682 silly ADD node_modules/vercel/node_modules/esbuild
2683 silly ADD node_modules/vercel/node_modules/chokidar
2684 silly ADD node_modules/vercel/node_modules/@vercel/static-build
2685 silly ADD node_modules/vercel/node_modules/@vercel/rust
2686 silly ADD node_modules/vercel/node_modules/@vercel/rust/node_modules/signal-exit
2687 silly ADD node_modules/vercel/node_modules/@vercel/rust/node_modules/human-signals
2688 silly ADD node_modules/vercel/node_modules/@vercel/rust/node_modules/get-stream
2689 silly ADD node_modules/vercel/node_modules/@vercel/rust/node_modules/execa
2690 silly ADD node_modules/vercel/node_modules/@vercel/ruby
2691 silly ADD node_modules/vercel/node_modules/@vercel/remix-builder
2692 silly ADD node_modules/vercel/node_modules/@vercel/remix-builder/node_modules/path-to-regexp
2693 silly ADD node_modules/vercel/node_modules/@vercel/remix-builder/node_modules/@vercel/nft
2694 silly ADD node_modules/vercel/node_modules/@vercel/redwood
2695 silly ADD node_modules/vercel/node_modules/@vercel/redwood/node_modules/semver
2696 silly ADD node_modules/vercel/node_modules/@vercel/redwood/node_modules/@vercel/nft
2697 silly ADD node_modules/vercel/node_modules/@vercel/python
2698 silly ADD node_modules/vercel/node_modules/@vercel/node
2699 silly ADD node_modules/vercel/node_modules/@vercel/node/node_modules/undici
2700 silly ADD node_modules/vercel/node_modules/@vercel/node/node_modules/typescript
2701 silly ADD node_modules/vercel/node_modules/@vercel/node/node_modules/path-to-regexp
2702 silly ADD node_modules/vercel/node_modules/@vercel/node/node_modules/node-fetch
2703 silly ADD node_modules/vercel/node_modules/@vercel/node/node_modules/async-listen
2704 silly ADD node_modules/vercel/node_modules/@vercel/node/node_modules/@vercel/nft
2705 silly ADD node_modules/vercel/node_modules/@vercel/next
2706 silly ADD node_modules/vercel/node_modules/@vercel/next/node_modules/@vercel/nft
2707 silly ADD node_modules/vercel/node_modules/@vercel/nestjs
2708 silly ADD node_modules/vercel/node_modules/@vercel/koa
2709 silly ADD node_modules/vercel/node_modules/@vercel/hydrogen
2710 silly ADD node_modules/vercel/node_modules/@vercel/hono
2711 silly ADD node_modules/vercel/node_modules/@vercel/hono/node_modules/@vercel/nft
2712 silly ADD node_modules/vercel/node_modules/@vercel/h3
2713 silly ADD node_modules/vercel/node_modules/@vercel/go
2714 silly ADD node_modules/vercel/node_modules/@vercel/fun
2715 silly ADD node_modules/vercel/node_modules/@vercel/fun/node_modules/path-to-regexp
2716 silly ADD node_modules/vercel/node_modules/@vercel/fastify
2717 silly ADD node_modules/vercel/node_modules/@vercel/express
2718 silly ADD node_modules/vercel/node_modules/@vercel/express/node_modules/@vercel/nft
2719 silly ADD node_modules/vercel/node_modules/@vercel/elysia
2720 silly ADD node_modules/vercel/node_modules/@vercel/detect-agent
2721 silly ADD node_modules/vercel/node_modules/@vercel/build-utils
2722 silly ADD node_modules/vercel/node_modules/@vercel/blob
2723 silly ADD node_modules/vercel/node_modules/typescript
2724 silly ADD node_modules/vercel/node_modules/@vercel/backends
2725 verbose cwd /root
2726 verbose os Linux 6.17.0-PRoot-Distro
2727 verbose node v25.3.0
2728 verbose npm  v11.6.2
2729 verbose exit 0
2730 info ok
